/*
SQLyog Ultimate v12.08 (64 bit)
MySQL - 5.7.44 : Database - shopping
*********************************************************************
*/

/*!40101 SET NAMES utf8 */;

/*!40101 SET SQL_MODE=''*/;

/*!40014 SET @OLD_UNIQUE_CHECKS=@@UNIQUE_CHECKS, UNIQUE_CHECKS=0 */;
/*!40014 SET @OLD_FOREIGN_KEY_CHECKS=@@FOREIGN_KEY_CHECKS, FOREIGN_KEY_CHECKS=0 */;
/*!40101 SET @OLD_SQL_MODE=@@SQL_MODE, SQL_MODE='NO_AUTO_VALUE_ON_ZERO' */;
/*!40111 SET @OLD_SQL_NOTES=@@SQL_NOTES, SQL_NOTES=0 */;
CREATE DATABASE /*!32312 IF NOT EXISTS*/`shopping` /*!40100 DEFAULT CHARACTER SET utf8mb4 COLLATE utf8mb4_bin */;

USE `shopping`;

/*Table structure for table `address` */

DROP TABLE IF EXISTS `address`;

CREATE TABLE `address` (
  `id` int(11) NOT NULL AUTO_INCREMENT COMMENT 'ID',
  `user_id` int(11) DEFAULT NULL COMMENT '用户ID',
  `username` varchar(255) COLLATE utf8mb4_unicode_ci DEFAULT NULL COMMENT '收货人',
  `useraddress` varchar(255) COLLATE utf8mb4_unicode_ci DEFAULT NULL COMMENT '收货地址',
  `phone` varchar(255) COLLATE utf8mb4_unicode_ci DEFAULT NULL COMMENT '联系电话',
  PRIMARY KEY (`id`) USING BTREE
) ENGINE=InnoDB AUTO_INCREMENT=9 DEFAULT CHARSET=utf8mb4 COLLATE=utf8mb4_unicode_ci ROW_FORMAT=DYNAMIC COMMENT='地址信息表';

/*Data for the table `address` */

insert  into `address`(`id`,`user_id`,`username`,`useraddress`,`phone`) values (1,5,'张小米','黄岛区古镇口军民融合创新示范区三沙路1299号东区','13616407228'),(2,6,'张小米','ouc','13616407228'),(3,8,'张西米','ouc嘻哈岸','10086123'),(4,8,'111','222333','444'),(5,11,'张三米','ouc','1008686868'),(6,12,'张大米','ouc','1009898989'),(7,13,'用户0','ouc','1234566543'),(8,14,'yonghu','ouc','123456565');

/*Table structure for table `admin` */

DROP TABLE IF EXISTS `admin`;

CREATE TABLE `admin` (
  `id` int(11) NOT NULL AUTO_INCREMENT COMMENT 'ID',
  `username` varchar(255) COLLATE utf8mb4_unicode_ci DEFAULT NULL COMMENT '用户名',
  `password` varchar(255) COLLATE utf8mb4_unicode_ci DEFAULT NULL COMMENT '密码',
  `name` varchar(255) COLLATE utf8mb4_unicode_ci DEFAULT NULL COMMENT '姓名',
  `avatar` varchar(255) COLLATE utf8mb4_unicode_ci DEFAULT NULL COMMENT '头像',
  `role` varchar(255) COLLATE utf8mb4_unicode_ci DEFAULT NULL COMMENT '角色标识',
  `phone` varchar(255) COLLATE utf8mb4_unicode_ci DEFAULT NULL COMMENT '电话',
  `email` varchar(255) COLLATE utf8mb4_unicode_ci DEFAULT NULL COMMENT '邮箱',
  PRIMARY KEY (`id`) USING BTREE
) ENGINE=InnoDB AUTO_INCREMENT=2 DEFAULT CHARSET=utf8mb4 COLLATE=utf8mb4_unicode_ci ROW_FORMAT=DYNAMIC COMMENT='管理员';

/*Data for the table `admin` */

insert  into `admin`(`id`,`username`,`password`,`name`,`avatar`,`role`,`phone`,`email`) values (1,'admin','admin','admin','http://localhost:9090/files/1735885828181-微信图片_20240202165201.jpg','ADMIN','10086','admin@qq.com');

/*Table structure for table `business` */

DROP TABLE IF EXISTS `business`;

CREATE TABLE `business` (
  `id` int(11) NOT NULL AUTO_INCREMENT COMMENT 'ID',
  `username` varchar(255) COLLATE utf8mb4_unicode_ci DEFAULT NULL COMMENT '用户名',
  `password` varchar(255) COLLATE utf8mb4_unicode_ci DEFAULT NULL COMMENT '密码',
  `name` varchar(255) COLLATE utf8mb4_unicode_ci DEFAULT NULL COMMENT '店铺名',
  `avatar` varchar(255) COLLATE utf8mb4_unicode_ci DEFAULT NULL COMMENT '头像',
  `role` varchar(255) COLLATE utf8mb4_unicode_ci DEFAULT NULL COMMENT '角色标识',
  `phone` varchar(255) COLLATE utf8mb4_unicode_ci DEFAULT NULL COMMENT '电话',
  `email` varchar(255) COLLATE utf8mb4_unicode_ci DEFAULT NULL COMMENT '邮箱',
  `description` varchar(255) COLLATE utf8mb4_unicode_ci DEFAULT NULL COMMENT '商家介绍',
  `status` varchar(255) COLLATE utf8mb4_unicode_ci DEFAULT NULL COMMENT '审核状态',
  PRIMARY KEY (`id`) USING BTREE
) ENGINE=InnoDB AUTO_INCREMENT=113 DEFAULT CHARSET=utf8mb4 COLLATE=utf8mb4_unicode_ci ROW_FORMAT=DYNAMIC COMMENT='商家信息表';

/*Data for the table `business` */

insert  into `business`(`id`,`username`,`password`,`name`,`avatar`,`role`,`phone`,`email`,`description`,`status`) values (2,'shangjia1','123','shangjia1','http://localhost:9090/files/1735110893467-lb0vvytg.png','BUSINESS',NULL,NULL,NULL,'审核通过'),(3,'sj3','123',' 联想新通路专卖店','0','BUSINESS','0','0','0','审核通过'),(4,'sj4','123','ThinkBook笔记本旗舰店','0','BUSINESS','0','0','0','审核通过'),(5,'sj5','123','ThinkBook京东自营旗舰店','0','BUSINESS','0','0','0','审核通过'),(6,'sj6','123','ThinkBook甄选店','0','BUSINESS','0','0','0','审核通过'),(7,'sj7','123','ThinkBook专卖店','0','BUSINESS','0','0','0','审核通过'),(8,'sj8','123','ThinkPad笔记本专卖店','0','BUSINESS','0','0','0','审核通过'),(9,'sj9','123','ThinkPad成都授权专卖店','0','BUSINESS','0','0','0','审核通过'),(10,'sj10','123','ThinkPad福建授权专卖店','0','BUSINESS','0','0','0','审核通过'),(11,'sj11','123','ThinkPad华东授权专卖店','0','BUSINESS','0','0','0','审核通过'),(12,'sj12','123','ThinkPad华中授权专卖店','0','BUSINESS','0','0','0','审核通过'),(13,'sj13','123','ThinkPad京东自营官方旗舰店','0','BUSINESS','0','0','0','审核通过'),(14,'sj14','123','ThinkPad京东自营旗舰店','0','BUSINESS','0','0','0','审核通过'),(15,'sj15','123','ThinkPad立远专卖店','0','BUSINESS','0','0','0','审核通过'),(16,'sj16','123','ThinkPad旗鹭专卖店','0','BUSINESS','0','0','0','审核通过'),(17,'sj17','123','ThinkPad山东授权专卖店','0','BUSINESS','0','0','0','审核通过'),(18,'sj18','123','ThinkPad思行汇专卖店','0','BUSINESS','0','0','0','审核通过'),(19,'sj19','123','ThinkPad物云专卖店','0','BUSINESS','0','0','0','审核通过'),(20,'sj20','123','ThinkPad严选专卖店','0','BUSINESS','0','0','0','审核通过'),(21,'sj21','123','ThinkPad专卖店','0','BUSINESS','0','0','0','审核通过'),(22,'sj22','123','Think笔记本办公授权店','0','BUSINESS','0','0','0','审核通过'),(23,'sj23','123','倍优臻品二手笔记本专营店','0','BUSINESS','0','0','0','审核通过'),(24,'sj24','123','笔记本电脑授权店','0','BUSINESS','0','0','0','审核通过'),(25,'sj25','123','笔记本电脑整机店','0','BUSINESS','0','0','0','审核通过'),(26,'sj26','123','创智数码经营部','0','BUSINESS','0','0','0','审核通过'),(27,'sj27','123','大福门二手电脑专营店','0','BUSINESS','0','0','0','审核通过'),(28,'sj28','123','电竞游戏笔记本授权店','0','BUSINESS','0','0','0','审核通过'),(29,'sj29','123','鼎胜二手电脑专营店','0','BUSINESS','0','0','0','审核通过'),(30,'sj30','123','东科智选经营部','0','BUSINESS','0','0','0','审核通过'),(31,'sj31','123','亘古笔记本旗舰店','0','BUSINESS','0','0','0','审核通过'),(32,'sj32','123','国产化设备京东自营专区','0','BUSINESS','0','0','0','审核通过'),(33,'sj33','123','好物购笔记本旗舰店','0','BUSINESS','0','0','0','审核通过'),(34,'sj34','123','合硕二手笔记本专营店','0','BUSINESS','0','0','0','审核通过'),(35,'sj35','123','合硕二手电脑专营店','0','BUSINESS','0','0','0','审核通过'),(36,'sj36','123','宏业电脑工作室','0','BUSINESS','0','0','0','审核通过'),(37,'sj37','123','鸿发国威二手电脑专营店','0','BUSINESS','0','0','0','审核通过'),(38,'sj38','123','鸿升电脑办公专营店','0','BUSINESS','0','0','0','审核通过'),(39,'sj39','123','鸿运电脑数码二手专营店','0','BUSINESS','0','0','0','审核通过'),(40,'sj40','123','互宁数码经营部','0','BUSINESS','0','0','0','审核通过'),(41,'sj41','123','华海电脑整机专营店','0','BUSINESS','0','0','0','审核通过'),(42,'sj42','123','环宇鸿图二手电脑专营店','0','BUSINESS','0','0','0','审核通过'),(43,'sj43','123','金鼎电脑店','0','BUSINESS','0','0','0','审核通过'),(44,'sj44','123','京东电竞官方旗舰店','0','BUSINESS','0','0','0','审核通过'),(45,'sj45','123','橘子优品二手电脑专营店','0','BUSINESS','0','0','0','审核通过'),(46,'sj46','123','客多来优品二手电脑专营店','0','BUSINESS','0','0','0','审核通过'),(47,'sj47','123','利飞数码小店','0','BUSINESS','0','0','0','审核通过'),(48,'sj48','123','联想爱特家专卖店','0','BUSINESS','0','0','0','审核通过'),(49,'sj49','123','联想办公设备京东自营专卖店','0','BUSINESS','0','0','0','审核通过'),(50,'sj50','123','联想北纬专卖店','0','BUSINESS','0','0','0','审核通过'),(51,'sj51','123','联想笔记本电脑旗舰店','0','BUSINESS','0','0','0','审核通过'),(52,'sj52','123','联想笔记本电脑授权专卖店','0','BUSINESS','0','0','0','审核通过'),(53,'sj53','123','联想笔记本授权专卖店','0','BUSINESS','0','0','0','审核通过'),(54,'sj54','123','联想电脑办公京东自营旗舰店','0','BUSINESS','0','0','0','审核通过'),(55,'sj55','123','联想电脑授权专卖店','0','BUSINESS','0','0','0','审核通过'),(56,'sj56','123','联想电脑整机授权专卖店','0','BUSINESS','0','0','0','审核通过'),(57,'sj57','123','联想恩珊创新专卖店','0','BUSINESS','0','0','0','审核通过'),(58,'sj58','123','联想福本专卖店','0','BUSINESS','0','0','0','审核通过'),(59,'sj59','123','联想福鑫铭锐专卖店','0','BUSINESS','0','0','0','审核通过'),(60,'sj60','123','联想官方旗舰店','0','BUSINESS','0','0','0','审核通过'),(61,'sj61','123','联想弘朗创新专卖店','0','BUSINESS','0','0','0','审核通过'),(62,'sj62','123','联想佳丰专卖店','0','BUSINESS','0','0','0','审核通过'),(63,'sj63','123','联想京东自营官方旗舰店','0','BUSINESS','0','0','0','审核通过'),(64,'sj64','123','联想京东自营旗舰店','0','BUSINESS','0','0','0','审核通过'),(65,'sj65','123','联想京惠选专卖店','0','BUSINESS','0','0','0','审核通过'),(66,'sj66','123','联想丽邦基业专卖店','0','BUSINESS','0','0','0','审核通过'),(67,'sj67','123','联想利拓信通专卖店','0','BUSINESS','0','0','0','审核通过'),(68,'sj68','123','联想商用办公京东自营官方旗舰店','0','BUSINESS','0','0','0','审核通过'),(69,'sj69','123','联想商用办公京东自营旗舰店','0','BUSINESS','0','0','0','审核通过'),(70,'sj70','123','联想商用京东自营官方旗舰店','0','BUSINESS','0','0','0','审核通过'),(71,'sj71','123','联想商用丽邦专卖店','0','BUSINESS','0','0','0','审核通过'),(72,'sj72','123','联想商用融合东呵东专卖店','0','BUSINESS','0','0','0','审核通过'),(73,'sj73','123','联想商用融合汇通专卖店','0','BUSINESS','0','0','0','审核通过'),(74,'sj74','123','联想商用斯泰授权专卖店','0','BUSINESS','0','0','0','审核通过'),(75,'sj75','123','联想昇之通专卖店','0','BUSINESS','0','0','0','审核通过'),(76,'sj76','123','联想授权笔记本电脑专卖店','0','BUSINESS','0','0','0','审核通过'),(77,'sj77','123','联想授权电脑专卖店','0','BUSINESS','0','0','0','审核通过'),(78,'sj78','123','联想授权旗舰店','0','BUSINESS','0','0','0','审核通过'),(79,'sj79','123','联想思凯乐专卖店','0','BUSINESS','0','0','0','审核通过'),(80,'sj80','123','联想斯壮专卖店','0','BUSINESS','0','0','0','审核通过'),(81,'sj81','123','联想物云专卖店','0','BUSINESS','0','0','0','审核通过'),(82,'sj82','123','联想严选授权专卖店','0','BUSINESS','0','0','0','审核通过'),(83,'sj83','123','联想一维螺旋专卖店','0','BUSINESS','0','0','0','审核通过'),(84,'sj84','123','联想亿景专卖店','0','BUSINESS','0','0','0','审核通过'),(85,'sj85','123','联想优京专卖店','0','BUSINESS','0','0','0','审核通过'),(86,'sj86','123','联想有点授权专卖店','0','BUSINESS','0','0','0','审核通过'),(87,'sj87','123','联想众信授权专卖店','0','BUSINESS','0','0','0','审核通过'),(88,'sj88','123','盘古二手电脑专营店','0','BUSINESS','0','0','0','审核通过'),(89,'sj89','123','首创二手电脑专营店','0','BUSINESS','0','0','0','审核通过'),(90,'sj90','123','顽嘉严选官企授权拼购店','0','BUSINESS','0','0','0','审核通过'),(91,'sj91','123','夏忆数码商行经营部','0','BUSINESS','0','0','0','审核通过'),(92,'sj92','123','新茂二手电脑专营店','0','BUSINESS','0','0','0','审核通过'),(93,'sj93','123','鑫源二手笔记本专营店','0','BUSINESS','0','0','0','审核通过'),(94,'sj94','123','信达办公店','0','BUSINESS','0','0','0','审核通过'),(95,'sj95','123','星晟二手电脑专营店','0','BUSINESS','0','0','0','审核通过'),(96,'sj96','123','星月数码商行经营部','0','BUSINESS','0','0','0','审核通过'),(97,'sj97','123','异能者 ERAZER电脑办公旗舰店','0','BUSINESS','0','0','0','审核通过'),(98,'sj98','123','异能者 ERAZER电脑整机旗舰店','0','BUSINESS','0','0','0','审核通过'),(99,'sj99','123','永盛科技数码经营部','0','BUSINESS','0','0','0','审核通过'),(100,'sj100','123','优多特电脑整机专营店','0','BUSINESS','0','0','0','审核通过'),(101,'sj101','123','优品精选二手笔记本专营店','0','BUSINESS','0','0','0','审核通过'),(102,'sj102','123','优选笔记本电脑授权店','0','BUSINESS','0','0','0','审核通过'),(103,'sj103','123','渝新优品二手电脑专营店','0','BUSINESS','0','0','0','审核通过'),(104,'sj104','123','甄选笔记本旗舰店','0','BUSINESS','0','0','0','审核通过'),(105,'sj105','123','拯救者电竞游戏本经营部','0','BUSINESS','0','0','0','审核通过'),(106,'sj106','123','拯救者电脑整机经营部','0','BUSINESS','0','0','0','审核通过'),(107,'sj107','123','拯救者官企拼购店','0','BUSINESS','0','0','0','审核通过'),(108,'sj108','123','拯救者来酷生活拼购店','0','BUSINESS','0','0','0','审核通过'),(109,'sj109','123','至上优品二手电脑专营店','0','BUSINESS','0','0','0','审核通过'),(110,'sj110','123','中关村二手电脑专营店','0','BUSINESS','0','0','0','审核通过'),(112,'商家3','123','商家3',NULL,'BUSINESS',NULL,NULL,NULL,'审核通过');

/*Table structure for table `cart` */

DROP TABLE IF EXISTS `cart`;

CREATE TABLE `cart` (
  `id` int(11) NOT NULL AUTO_INCREMENT COMMENT 'ID',
  `user_id` int(11) DEFAULT NULL COMMENT '用户ID',
  `goods_id` int(11) DEFAULT NULL COMMENT '商品ID',
  `business_id` int(11) DEFAULT NULL COMMENT '店铺ID',
  `num` int(11) DEFAULT NULL COMMENT '数量',
  PRIMARY KEY (`id`) USING BTREE
) ENGINE=InnoDB AUTO_INCREMENT=7 DEFAULT CHARSET=utf8mb4 COLLATE=utf8mb4_unicode_ci ROW_FORMAT=DYNAMIC COMMENT='购物车表';

/*Data for the table `cart` */

insert  into `cart`(`id`,`user_id`,`goods_id`,`business_id`,`num`) values (1,5,1,2,2),(3,6,257,30,1),(5,13,1,2,1),(6,14,6,11,1);

/*Table structure for table `collect` */

DROP TABLE IF EXISTS `collect`;

CREATE TABLE `collect` (
  `id` int(11) NOT NULL AUTO_INCREMENT COMMENT 'ID',
  `user_id` int(11) DEFAULT NULL COMMENT '用户ID',
  `goods_id` int(11) DEFAULT NULL COMMENT '商品ID',
  `business_id` int(11) DEFAULT NULL COMMENT '店铺ID',
  PRIMARY KEY (`id`) USING BTREE
) ENGINE=InnoDB AUTO_INCREMENT=2 DEFAULT CHARSET=utf8mb4 COLLATE=utf8mb4_unicode_ci ROW_FORMAT=DYNAMIC COMMENT='收藏信息表';

/*Data for the table `collect` */

insert  into `collect`(`id`,`user_id`,`goods_id`,`business_id`) values (1,6,257,30);

/*Table structure for table `comment` */

DROP TABLE IF EXISTS `comment`;

CREATE TABLE `comment` (
  `id` int(11) NOT NULL AUTO_INCREMENT COMMENT 'ID',
  `user_id` int(11) DEFAULT NULL COMMENT '用户ID',
  `goods_id` int(11) DEFAULT NULL COMMENT '商品ID',
  `business_id` int(11) DEFAULT NULL COMMENT '店铺ID',
  `content` varchar(255) COLLATE utf8mb4_unicode_ci DEFAULT NULL COMMENT '评论内容',
  `time` varchar(255) COLLATE utf8mb4_unicode_ci DEFAULT NULL COMMENT '评论时间',
  PRIMARY KEY (`id`) USING BTREE
) ENGINE=InnoDB AUTO_INCREMENT=6 DEFAULT CHARSET=utf8mb4 COLLATE=utf8mb4_unicode_ci ROW_FORMAT=DYNAMIC COMMENT='评论信息表';

/*Data for the table `comment` */

insert  into `comment`(`id`,`user_id`,`goods_id`,`business_id`,`content`,`time`) values (5,14,1,2,'very good!','2025-01-06 16:48:53');

/*Table structure for table `goods` */

DROP TABLE IF EXISTS `goods`;

CREATE TABLE `goods` (
  `id` int(11) NOT NULL AUTO_INCREMENT,
  `name` varchar(255) COLLATE utf8mb4_unicode_ci DEFAULT NULL COMMENT '商品名称',
  `img` varchar(255) COLLATE utf8mb4_unicode_ci DEFAULT NULL COMMENT '商品主图',
  `description` longtext COLLATE utf8mb4_unicode_ci COMMENT '商品介绍',
  `price` double(10,2) DEFAULT NULL COMMENT '商品价格',
  `unit` varchar(255) COLLATE utf8mb4_unicode_ci DEFAULT NULL COMMENT '计件单位',
  `count` int(11) DEFAULT '0' COMMENT '商品销量',
  `type_id` int(11) DEFAULT NULL COMMENT '分类ID',
  `business_id` int(11) DEFAULT NULL COMMENT '商家ID',
  PRIMARY KEY (`id`) USING BTREE
) ENGINE=InnoDB AUTO_INCREMENT=432 DEFAULT CHARSET=utf8mb4 COLLATE=utf8mb4_unicode_ci ROW_FORMAT=DYNAMIC COMMENT='商品信息表';

/*Data for the table `goods` */

insert  into `goods`(`id`,`name`,`img`,`description`,`price`,`unit`,`count`,`type_id`,`business_id`) values (1,' 联想笔记本电脑 小新pro14 全新2024高性能酷睿版可选 大学生商务办公游戏设计轻薄升级v 联想笔记本电脑  R5-7430U 16G内存 512G固态升级 IPS高清护眼屏 正版 ','https://img13.360buyimg.com/n7/jfs/t1/4747/11/25985/114400/66d7f92aFdd1256ee/6c029c82f3eb3fc4.jpg.avif',NULL,2897.99,NULL,0,NULL,2),(5,' 联想 拯救者Y7000P 2024款14代酷睿i7游戏 笔记本电脑 ','https://img10.360buyimg.com/n7/jfs/t1/261951/38/2894/180870/676ba025Fbe63fa10/1bcc5f249930f655.jpg.avif','0',8199.00,'0',0,0,2),(6,'   ThinkPad E14 13代I5-13500H可选 14英寸高性能 编程设计 联想笔记本电脑  12代 I5-1240P 16G 512G标配','https://img11.360buyimg.com/n7/jfs/t1/164342/25/51722/72551/67356a69Faf94386f/2bf1d591645875b8.jpg.avif','0',4159.00,'0',0,0,11),(7,' 联想 （Lenovo）【ThinkPad P1】16英寸图形【移动工作站】I7-11800H 32G 1TSSD T1200独显 2.5K标机（人脸识别）','https://img11.360buyimg.com/n7/jfs/t1/256753/5/145/92334/67626d72Ff7ab6b85/4d1e0cede4cd3a85.jpg.avif','0',8499.00,'0',0,0,68),(8,'  联想 （Lenovo）【ThinkPad P15V】 15.6英寸【移动工作站】AMD 笔记本电脑 （标压）R7-6850H 32G 1T A2000独显标机','https://img10.360buyimg.com/n7/jfs/t1/240036/2/29042/92473/67626d70F568864b5/5d0cee34094db0af.jpg.avif','0',9299.00,'0',0,0,68),(9,'  联想 （Lenovo）【ThinkPad P15V】 15.6英寸【移动工作站】AMD 笔记本电脑 （标压）R7-6850H 32G 1T A2000独显标机','https://img10.360buyimg.com/n7/jfs/t1/240036/2/29042/92473/67626d70F568864b5/5d0cee34094db0af.jpg.avif','0',9299.00,'0',0,0,68),(10,'  联想 （Lenovo） 笔记本电脑 青春版十核酷睿i7 15.6高性能轻薄本商务办公大学生游戏设计师手提本','https://img14.360buyimg.com/n7/jfs/t1/266599/39/6711/109347/67760559F75404497/6bc2f4a4e4d38423.jpg.avif','0',4299.00,'0',0,0,49),(11,'  联想 （lenovo）小新air系列/小新pro13.3寸14寸轻薄商务办公游戏二手 笔记本电脑  9新①酷睿i7三代-16G-512G办公热荐13款','https://img13.360buyimg.com/n7/jfs/t1/4747/11/25985/114400/66d7f92aFdd1256ee/6c029c82f3eb3fc4.jpg.avif','0',879.00,'0',0,0,27),(12,' 联想 小新pro14 2024超能本旗舰酷睿标压锐龙pro级小新14/16英寸可选高清大屏女学生商务办公 笔记本电脑  旗舰处理器丨高色域屏丨银灰色 定制：16g内存+51 ','https://img12.360buyimg.com/n7/jfs/t1/256436/16/5063/425522/676e4145F5ec25ad6/7e4a49b5c109ab89.png.avif','0',3529.00,'0',0,0,87),(13,'联想 （Lenovo) 拯救者15.6寸Y7000/ R9000P高刷电竞吃鸡设计游戏本二手 笔记本电脑  9新I7-4代标压 GTX960游戏通杀14isk 16G内存+512G固态','https://img14.360buyimg.com/n7/jfs/t1/259405/8/7299/178732/677750abFedcc2fa2/b17569612d0ca6a4.jpg.avif','0',1404.00,'0',0,0,92),(14,' 联想 （Lenovo) 拯救者15.6寸Y7000/ R9000P高刷电竞吃鸡设计游戏本二手 笔记本电脑  9新 I7-6700H  960大屏编程15isk 16G内存+512G固态','https://img12.360buyimg.com/n7/jfs/t1/259405/8/7299/178732/677750abFedcc2fa2/b17569612d0ca6a4.jpg.avif','0',1507.00,'0',0,0,92),(15,'  联想 （Lenovo) 拯救者15.6寸Y7000/ R9000P高刷电竞吃鸡设计游戏本二手 笔记本电脑  95新I7-7700H 1050电竞游戏 R720 16G内存+512G固态','https://img14.360buyimg.com/n7/jfs/t1/259405/8/7299/178732/677750abFedcc2fa2/b17569612d0ca6a4.jpg.avif','0',1476.00,'0',0,0,92),(16,'联想 （Lenovo) 拯救者15.6寸Y7000/ R9000P高刷电竞吃鸡设计游戏本二手 笔记本电脑  95新I7-10875 八核2060 Y7000P 16G内存+512G固态','https://img12.360buyimg.com/n7/jfs/t1/259405/8/7299/178732/677750abFedcc2fa2/b17569612d0ca6a4.jpg.avif','0',3239.00,'0',0,0,92),(17,' 联想 （Lenovo)拯救者15.6寸Y7000/R9000P高刷电竞游戏本i73060二手 笔记本电脑  9新②i7-4代H标压 960游戏通杀14isk 高配16G内存+512G固态','https://img14.360buyimg.com/n7/jfs/t1/165520/17/47833/147868/66d7acc3Fd05fe2fc/b83ce9b058a4a42c.jpg.avif','0',1391.00,'0',0,0,101),(18,'联想 ThinkPAD二手 笔记本电脑 超轻薄便携商务办公设计游戏本大屏幕网课学习本9成新 X230 i3-3代+4G+320G 12英寸','https://img14.360buyimg.com/n7/jfs/t1/230433/30/20580/74609/666e5876F27ad4a64/dc8d4d4adbcd4bd2.jpg.avif','0',435.70,'0',0,0,35),(19,'  联想笔记本电脑 V14/V15  办公商务家用学生网课轻薄便携本窄边护眼防眩光屏 英特尔N4500 15.6英寸: 8GB内存 256G高速固态','https://img13.360buyimg.com/n7/jfs/t1/261700/21/6791/103672/677642eaF78402e2e/a15b2cbeb8eb924f.jpg.avif','0',2199.00,'0',0,0,70),(20,'联想 (Lenovo)二手 笔记本   i3 i5轻薄便携商务办公游戏超薄二手 笔记本电脑  2】双核T3000/4G/320G 送128G固态 现货速发 95成新','https://img11.360buyimg.com/n7/jfs/t1/257548/37/3105/84275/676b9f82Ffcbd9bb6/d42f9d7c8ee3b1a5.jpg.avif','0',456.00,'0',0,0,29),(21,' 联想  轻薄便携 商务办公 i5网课学习游戏设计二手 笔记本电脑  5】i5-2/8G/256G固态/独显 店长力荐 现货速发 95成新','https://img11.360buyimg.com/n7/jfs/t1/104938/29/50187/81671/66dad67aF4e22712b/ad5b14eb9db20108.jpg.avif','0',779.00,'0',0,0,29),(22,'    ThinkPad 笔记本电脑  联想 ThinkBook16+标压处理器15.6-16英寸独显 笔记本 可选 酷睿AI窄边框小新16PRO i5-13420H 16G 512G | V15 【官方标配】高色域屏','https://img13.360buyimg.com/n7/jfs/t1/264329/15/2923/90923/676bbcffF99ce5730/9ee9add4c82f08a5.jpg.avif','0',3699.00,'0',0,0,9),(23,' 联想 ThinkPad（98%商务选择）二手 笔记本电脑  T480/T490 轻薄办公 绘图剪辑工程游戏 95新【人气炸场】T480 i5 16G 512G','https://img12.360buyimg.com/n7/jfs/t1/266159/6/2980/132658/676bc04aF6b25f692/a92798961e36c51b.jpg.avif','0',1398.00,'0',0,0,45),(24,'   ThinkPad P15 升级 P16v CAD三维3D建模绘图专业画图设计师专用移动图形工作站 联想笔记本电脑 ibm T1200绘图显卡 i7-11800H 32GB内存 1TB SSD','https://img12.360buyimg.com/n7/jfs/t1/243300/9/26258/103357/67580fc1F8ff80d21/d257f8b48ec2bab8.png.avif','0',8659.00,'0',0,0,10),(25,' 联想 拯救者R9000P 2024电竞游戏 笔记本电脑 y 畅玩黑神话悟空 满血RTX4060 新旗舰锐龙R9-7945HX 16G 1TB 碳晶灰｜新品广色域屏｜标配 16英寸2.5K超清｜240Hz专业','https://img14.360buyimg.com/n7/jfs/t1/264874/38/7073/171108/6776bb22F9824f7ef/435cf4cb2836cc04.jpg.avif','0',8488.00,'0',0,0,76),(26,'   拯救者R9000P旗舰电竞本','https://img14.360buyimg.com/n7/jfs/t1/264874/38/7073/171108/6776bb22F9824f7ef/435cf4cb2836cc04.jpg.avif','0',8488.00,'0',0,0,76),(27,'   拯救者R9000P旗舰电竞本','https://img14.360buyimg.com/n7/jfs/t1/264874/38/7073/171108/6776bb22F9824f7ef/435cf4cb2836cc04.jpg.avif','0',8488.00,'0',0,0,76),(28,'  联想 拯救者R7000 2024 4060独显','https://img14.360buyimg.com/n7/jfs/t1/257108/17/7260/176269/6776b877Ff6c24d3d/0a4e4529767d3870.jpg.avif','0',6488.00,'0',0,0,76),(29,'    ThinkPad 联想 ThinkBook 14＋15/16 13代I5-13500H 24款ultra可选 高性能 笔记本电脑  14寸 13代i5-13420H 高性能本 16G内存 512G固态 询价立','https://img13.360buyimg.com/n7/jfs/t1/183669/6/44774/57887/66f50d1dF1bc3b90c/6588784052adca5b.jpg.avif','0',3799.00,'0',0,0,11),(30,'  联想笔记本电脑 小新14 标压酷睿i5 i7可选2024超轻薄便携学生设计师办公本Air14商务本游戏本 N100 16G 512G丨异能者P14H标配 14英寸全高清IPS屏','https://img11.360buyimg.com/n7/jfs/t1/261854/19/5475/109211/67726eeaF52d50a5f/8d5374618ee05ec5.jpg.avif','0',2368.00,'0',0,0,48),(31,' 联想 （Lenovo)二手 笔记本电脑 小新 Air/pro 13/14/15.6寸 轻薄商务制图办公本 9新主流i5五代16G-512G固态商务办公15款 .','https://img10.360buyimg.com/n7/jfs/t1/232492/4/31101/160281/675b0e89F4ce73cc6/28a3769e68af7493.jpg.avif','0',1086.00,'0',0,0,109),(32,'  联想 （Lenovo)二手 笔记本电脑 小新 Air/pro 13/14/15.6寸 轻薄商务制图办公本 9新【顶配四核i7二代16G】1TB固态独显12款 .','https://img11.360buyimg.com/n7/jfs/t1/232492/4/31101/160281/675b0e89F4ce73cc6/28a3769e68af7493.jpg.avif','0',977.00,'0',0,0,109),(33,' 联想 （Lenovo)二手 笔记本电脑 小新 Air/pro 13/14/15.6寸 轻薄商务制图办公本 9新全能款i7三代四核】16G1TB固态独显13款 .','https://img12.360buyimg.com/n7/jfs/t1/232492/4/31101/160281/675b0e89F4ce73cc6/28a3769e68af7493.jpg.avif','0',1080.00,'0',0,0,109),(34,'联想 （Lenovo)二手 笔记本电脑 小新 Air/pro 13/14/15.6寸 轻薄商务制图办公本 95新游戏款i5-7200 16G512独显17款 .','https://img14.360buyimg.com/n7/jfs/t1/232492/4/31101/160281/675b0e89F4ce73cc6/28a3769e68af7493.jpg.avif','0',1408.00,'0',0,0,109),(35,'  联想 （lenovo）二手 笔记本电脑  小新 Air 14/15.6寸 编程设计轻薄商务制图办公本学习 9新【顶配四核i7二代16G】1TB固态独显12款','https://img11.360buyimg.com/n7/jfs/t1/262535/7/3018/354797/676bcb7cFa57b9278/4f85ac72aebf896b.png.avif','0',1008.00,'0',0,0,39),(36,' 联想 小新Air14轻薄 笔记本电脑  2024可选酷睿i7版AI女大学生办公设计娱乐游戏本可选异能者系列【定制】 新品 N100 16G+512G固态 P14H 支持WiFi 蓝牙  含office ','https://img14.360buyimg.com/n7/jfs/t1/256653/38/5213/119352/676e78bdF032b3ca0/492325ac4643e90d.jpg.avif','0',2368.76,'0',0,0,86),(37,' 联想 小新Air14轻薄 笔记本电脑  2024可选酷睿i7版AI女大学生办公设计娱乐游戏本可选异能者系列【定制】 新品 N100 16G+1T固态 P14H 支持WiFi 蓝牙  含office办 ','https://img13.360buyimg.com/n7/jfs/t1/267077/7/4010/118939/676e78c1F50414f36/6e3cdd8026b52311.jpg.avif','0',2558.00,'0',0,0,86),(38,' 联想 （Thinkpad）二手 笔记本电脑 便携商务办公游戏娱乐本9成新 X220 酷睿i5-2代/4G/120G固态 9成新','https://img10.360buyimg.com/n7/jfs/t1/81118/21/27822/104315/66c59642F39a37fc2/28d81eedc8c1e8d3.jpg.avif','0',453.95,'0',0,0,34),(39,'  联想 小新Pro16 笔记本电脑  2024标压锐龙R7 可选120Hz高刷AI超能本 设计师办公游戏扬天V学生轻薄手提本 V15 R5-7430U 16G内存 512G固态 满血性能显卡 全高清窄 ','https://img10.360buyimg.com/n7/jfs/t1/254014/37/8319/114845/6776b5b2F92e4da93/6599a975854bb4a4.jpg.avif','0',3089.00,'0',0,0,71),(40,'  联想 小新Pro16 笔记本电脑  2024标压锐龙R7 可选120Hz高刷AI超能本 设计师办公游戏扬天V学生轻薄手提本 V15 R5-7430U 16G内存 1TB固态 满血性能显卡 全高清窄 ','https://img11.360buyimg.com/n7/jfs/t1/259433/5/7029/115042/6776b5b4F0f60b2d7/390abdbf63caceb8.jpg.avif','0',3389.00,'0',0,0,71),(41,' 联想 （Lenovo）二手 笔记本电脑  小新Air/Pro14/15.6寸剪辑编程设计制图商务办公轻薄本 9新PS推荐i5三代-16G-512G-独显13款','https://img11.360buyimg.com/n7/jfs/t1/89125/11/45045/137916/66d81939F674e3ce8/ce397bfbba0a43f3.jpg.avif','0',1078.00,'0',0,0,95),(42,' 联想 （Lenovo）二手 笔记本电脑  小新Air/Pro14/15.6寸剪辑编程设计制图商务办公轻薄本 9新高性能【i7四代】16G-512G独显-14款','https://img12.360buyimg.com/n7/jfs/t1/89125/11/45045/137916/66d81939F674e3ce8/ce397bfbba0a43f3.jpg.avif','0',1279.00,'0',0,0,95),(43,' 联想 （Lenovo）二手 笔记本电脑  小新Air/Pro14/15.6寸剪辑编程设计制图商务办公轻薄本 9新【i7三代四核】16G-1TB固态独显-13款','https://img13.360buyimg.com/n7/jfs/t1/89125/11/45045/137916/66d81939F674e3ce8/ce397bfbba0a43f3.jpg.avif','0',1069.00,'0',0,0,95),(44,' 联想 （Lenovo）二手 笔记本电脑  小新Air/Pro14/15.6寸剪辑编程设计制图商务办公轻薄本 95新I7-7500-16G-512G独显-17款','https://img11.360buyimg.com/n7/jfs/t1/89125/11/45045/137916/66d81939F674e3ce8/ce397bfbba0a43f3.jpg.avif','0',1718.00,'0',0,0,95),(45,' 联想笔记本电脑  酷睿i7超轻薄本 v14英寸大学生商务办公设计便携手提本 i7-1255U 24G内存 1TB高速固态 高清防眩光 升级 千兆网口','https://img13.360buyimg.com/n7/jfs/t1/225399/1/19732/132732/675bec7fFf51c1007/d326b2d48efb9487.jpg.avif','0',4799.00,'0',0,0,72),(46,'联想 （Lenovo）二手 笔记本电脑  小新Air/Pro14/15.6寸剪辑编程设计制图商务办公轻薄本 95新游戏推荐I5-七代16G-512G独显17款','https://img10.360buyimg.com/n7/jfs/t1/89125/11/45045/137916/66d81939F674e3ce8/ce397bfbba0a43f3.jpg.avif','0',1408.00,'0',0,0,95),(47,' 联想 小新16 2024/2023款超能本 16英寸Pro级大屏设计办公学生轻薄游戏 笔记本电脑 旗舰酷睿 13代酷睿i5 16G内存 1TB固态丨升级','https://img14.360buyimg.com/n7/jfs/t1/262254/8/6943/364413/67764a95Fe1326f19/fbc247f79ae2311d.png.avif','0',4082.00,'0',0,0,82),(48,' 联想 扬天V14小新款学生网课轻薄本家用办公高清大屏Pro级防眩光 笔记本电脑  官方标配 N4500/8G内存/256G固态硬盘','https://img14.360buyimg.com/n7/jfs/t1/227436/11/29717/193356/675bd877F13cb2e97/ac79ccfdac5aa8fb.jpg.avif','0',2088.00,'0',0,0,74),(49,' 联想 扬天V14小 新款 学生网课轻薄本家用办公高清大屏Pro级防眩光 笔记本电脑  官方标配 N4500/8G内存/256G固态硬盘','https://img14.360buyimg.com/n7/jfs/t1/227436/11/29717/193356/675bd877F13cb2e97/ac79ccfdac5aa8fb.jpg.avif','0',2088.00,'0',0,0,74),(50,'  联想 拯救者R7000 2024电竞游戏 笔记本电脑  畅玩黑神话悟空P图设计y大学生可选RTX4060独显锐龙R7-8745H 16G 1TB RTX4060丨硬盘升级 15.6英寸高刷新率电竞屏','https://img12.360buyimg.com/n7/jfs/t1/255136/7/7903/577062/6776ba0bF909f83f0/c6ec5469dfb08f8e.png.avif','0',6399.00,'0',0,0,87),(51,'  联想 小新16/14/15 轻薄 笔记本电脑  办公学习便携 小新16】12代酷睿i5 16G 512G 热卖款','https://img11.360buyimg.com/n7/jfs/t1/234426/1/36512/85920/676232dfFa7f4b3cd/865f375823f284ff.jpg.avif','0',3599.00,'0',0,0,63),(52,' 联想 （Lenovo) 二手 笔记本电脑  小新Air14/15.6寸轻薄本视频剪辑编程设计商务办公本独显 9新i5-6代 16+512G独显【大型办公16款','https://img13.360buyimg.com/n7/jfs/t1/256416/15/6223/106777/67722e16F69e2ccb4/e6e62cad30d74c68.jpg.avif','0',1318.00,'0',0,0,88),(53,' 联想 （Lenovo) 二手 笔记本电脑  小新Air14/15.6寸轻薄本视频剪辑编程设计商务办公本独显 9新【热荐】i5-4代顶配16G+1TB独显14款','https://img10.360buyimg.com/n7/jfs/t1/256416/15/6223/106777/67722e16F69e2ccb4/e6e62cad30d74c68.jpg.avif','0',1248.00,'0',0,0,88),(54,'联想 （Lenovo) 二手 笔记本电脑  小新Air14/15.6寸轻薄本视频剪辑编程设计商务办公本独显 95新【力荐】i5-7代/独显16+512G17款','https://img12.360buyimg.com/n7/jfs/t1/256416/15/6223/106777/67722e16F69e2ccb4/e6e62cad30d74c68.jpg.avif','0',1378.00,'0',0,0,88),(55,' 联想 小新Pro16 2024年产超能本16英寸高性能学生设计办公游戏轻薄 笔记本电脑 14核酷睿标压 i7-12700H 16G 512G丨标配版 2.5K+120Hz高刷屏','https://img13.360buyimg.com/n7/jfs/t1/254405/35/8025/517006/67763c8cFff07f061/5eafc34cb3300986.png.avif','0',4669.00,'0',0,0,82),(56,' 联想 拯救者 二手 笔记本电脑  游戏本Y7000P/R9000P/R720高刷办公吃鸡制图设计 95新 9新 i7-4代H标压-独显2G游戏通杀拯救者14 16G内存+512G固态硬盘','https://img14.360buyimg.com/n7/jfs/t1/207972/12/47930/120747/673ed778F7fab6838/1f89e46aa5cbc437.jpg.avif','0',1179.00,'0',0,0,46),(57,'  联想 小新Pro16升级 全新12代酷睿i7高性能轻薄本 V15.6英寸设计办公娱乐手提游戏大学生 笔记本电脑  补贴款丨十核i7-1255U 24G 1TB固态 升级 游戏级锐炬显卡 ','https://img13.360buyimg.com/n7/jfs/t1/252269/29/7850/107341/6775ef5bF513460d1/31c8bb3feb870c17.jpg.avif','0',4699.00,'0',0,0,61),(58,' 联想 小新Pro16升级 全新12代酷睿i7高性能轻薄本 V15.6英寸设计办公娱乐手提游戏大学生 笔记本电脑  十核i7-1255U 40G 1TB固态 升级 游戏级锐炬显卡 IPS全高 ','https://img14.360buyimg.com/n7/jfs/t1/257595/3/6891/106205/6775ef0aFa7ab46c2/71bdaacb11e381e4.jpg.avif','0',5077.00,'0',0,0,61),(59,'  联想笔记本电脑 V15 全新英特尔窄边框学生网课轻薄本 15.6英寸家用商务办公手提 电脑  官补丨N4500 16G 512G高速固态 升级 满血高性能显卡 全高清防眩光 ','https://img11.360buyimg.com/n7/jfs/t1/261345/1/2589/134729/676a8b34F26bb7ac5/921c9f0e8158aeb1.jpg.avif','0',2599.00,'0',0,0,61),(60,'  联想 Thinkpad (独显)T470T480T490T14s商务游戏本二手 笔记本电脑 IBM 95新 9新T450 i5-5代 16G 500G固态','https://img10.360buyimg.com/n7/jfs/t1/204661/29/46541/170514/67073be2Ff0cd9548/8f640ca0f7bfb53f.jpg.avif','0',988.00,'0',0,0,89),(61,'  联想 拯救者Y7000P 2024黑神话悟空电竞游戏 笔记本电脑 r Y9000P同性能4060显卡可选 14代酷睿i7-14650HX 16G 1TB 满血RTX4060-8G独显 标配 16英寸电竞屏｜','https://img13.360buyimg.com/n7/jfs/t1/263240/14/3123/108224/676bd51dF95d6a48b/be75864b19840f5b.png.avif','0',7888.00,'0',0,0,53),(62,' 联想 拯救者Y7000P 2024黑神话悟空电竞游戏 笔记本电脑 r Y9000P同性能4060显卡可选 14代酷睿i7-14650HX 32G 1TB 满血RTX4060-8G独显 升级 16英寸电竞屏｜','https://img14.360buyimg.com/n7/jfs/t1/267552/20/3081/101871/676bd529Fe4edd442/ba98b0b47e256f4b.png.avif','0',8288.00,'0',0,0,53),(63,'  联想笔记本电脑 小新Pro14 2024款超能本可选酷睿强芯小新昭阳14英寸轻薄本设计师办公大学生便携游戏本 【补贴】高性能旗舰锐龙R5 16G丨风驰5 512G固态 ','https://img14.360buyimg.com/n7/jfs/t1/260627/31/7276/161545/67774700Fa27e23af/73dc3f4740a7ee03.jpg.avif','0',2899.00,'0',0,0,52),(64,'ThinkPad 联想 E16 笔记本电脑  E15升级版 16英寸商务办公学生轻薄本 AI 2024英特尔酷睿Ultra处理器可选 黑色 热卖爆款 i5-13500H 16G 512G','https://img13.360buyimg.com/n7/jfs/t1/263306/26/6634/128436/677550dfFdf8ccf78/65b57cfbb8c86196.jpg.avif','0',4697.00,'0',0,0,13),(65,' 联想 《黑神话:悟空》官方推荐拯救者Y9000P 2024款14代i9 AI元启电竞屏设计大学生游戏 笔记本电脑 ES11B AI元启 I9-14900HX RTX4070 白 16G 1TB |性能定制','https://img12.360buyimg.com/n7/jfs/t1/192845/9/49990/161019/671c8301F8255110e/07092c9781fa9f04.png.avif','0',13899.00,'0',0,0,44),(66,'  联想 拯救者R7000P 2025畅玩黑神话悟空满血独显高端电竞游戏 笔记本电脑 设计y建模剪辑9 办公昭阳可选 R5-7430U 32G 1TB固态丨X5Pro 精装升级 可选RTX4060独显+1 ','https://img11.360buyimg.com/n7/jfs/t1/258460/17/3381/233252/676cb143F30c31a0a/6c3b08133f857122.png.avif','0',3399.00,'0',0,0,79),(67,'联想 V14/15 笔记本电脑  娱乐商务办公本轻薄便携本高性能 全新13代酷睿标压处理器IPS屏 14英寸i5-13420H 16G 512G','https://img14.360buyimg.com/n7/jfs/t1/253103/25/4008/318317/676b7772F0dcda2ff/883c0f991e8cae52.jpg.avif','0',3499.00,'0',0,0,70),(68,' 联想 V14/15 笔记本电脑  娱乐商务办公本轻薄便携本高性能 全新13代酷睿标压处理器IPS屏 14英寸i5-13420H 16G 512G','https://img14.360buyimg.com/n7/jfs/t1/266942/22/4659/164574/67701f36F4fa5aef5/7e73209e817822d1.png.avif','0',3499.00,'0',0,0,70),(69,'  联想 小新Pro16 笔记本电脑  六核锐龙R5高性能超轻薄本 V15.6英寸大屏办公设计学生游戏手提本 六核R5-5500U 16G内存 512G高速固态 满血显卡 FHD全高清屏 精装 ','https://img14.360buyimg.com/n7/jfs/t1/268624/11/6896/111970/677658c1F810eb3ef/e4ef833752df3e1b.jpg.avif','0',3089.00,'0',0,0,58),(70,'  联想 小新Pro16 笔记本电脑  六核锐龙R5高性能超轻薄本 V15.6英寸大屏办公设计学生游戏手提本 六核R5-5500U 16G内存 1TB高速固态 满血显卡 FHD全高清屏 精装 ','https://img10.360buyimg.com/n7/jfs/t1/263875/4/6954/112218/677658c2Fb1cb6b4c/ab2c9ec45f81b86d.jpg.avif','0',3389.00,'0',0,0,58),(71,' 联想 （Lenovo）二手 笔记本电脑 轻薄便携13/14/15.6英寸商务办公i5娱乐网课学习游戏设计 I5三代/8G/240G办公看剧推荐 联想 lenovo 9成新','https://img13.360buyimg.com/n7/jfs/t1/180903/20/48062/108479/66df063eF08bdb5f1/1aa15098957d87dc.jpg.avif','0',700.00,'0',0,0,37),(72,' 联想  二手 笔记本电脑 14-15寸轻薄商务办公独显二手游戏本电脑 PS平面设计CAD视频剪辑 联想 戴尔hp办公双核4G120G固态随机发 9成新','https://img10.360buyimg.com/n7/jfs/t1/255928/32/7844/115505/67763306Fbd842cdd/758be2d72bc50102.jpg.avif','0',398.00,'0',0,0,42),(73,'联想  二手 笔记本电脑 14-15寸轻薄商务办公独显二手游戏本电脑 PS平面设计CAD视频剪辑 联想 双核14寸4G/120G固态商务办公本 9成新','https://img12.360buyimg.com/n7/jfs/t1/255928/32/7844/115505/67763306Fbd842cdd/758be2d72bc50102.jpg.avif','0',408.00,'0',0,0,42),(74,' 联想 ThinkPad 笔记本电脑  L14 14英寸商用办公轻薄便携本FHD win11 i7-1260P 16G 512SSD 集显','https://img10.360buyimg.com/n7/jfs/t1/54507/8/25190/59001/66b5b1f1F04376d93/ff679269b94b698e.jpg.avif','0',5899.00,'0',0,0,50),(75,'  联想 （Lenovo）小新16 英特尔酷睿i5 16英寸轻薄 笔记本电脑  12代酷睿i5 16G 512G 卷云灰','https://img14.360buyimg.com/n7/jfs/t1/256994/21/150/75627/676285ceF7f12f997/22438aa30eee3afa.png.avif','0',3599.00,'0',0,0,60),(76,'  联想笔记本电脑 2024小新品高性能轻薄本 15.6/16酷睿i5i7昭阳商务办公学生游戏设计AI超能本 13代标压丨超速3 i5-13420H 16G内存 512G固态 升级 标杆','https://img11.360buyimg.com/n7/jfs/t1/262301/12/7232/166907/67774f0cFc70482f2/e32441c6fd77c6cd.jpg.avif','0',3499.00,'0',0,0,51),(77,'  联想 （Lenovo） 笔记本电脑 昭阳超速 2024小新品13代标压轻薄本AIR 15.6英寸全面屏商务办公学生设计游戏手提本 15.6升级丨i5-13420H 16G 512G IPS莱茵爱眼高清 ','https://img11.360buyimg.com/n7/jfs/t1/257843/14/7485/147968/67773b94F264498b4/e2b27c14174cd266.jpg.avif','0',3894.00,'0',0,0,54),(78,'  联想 （Lenovo） 笔记本电脑 昭阳超速 2024小 新品 13代标压轻薄本AIR 15.6英寸全面屏商务办公学生设计游戏手提本 15.6升级丨i5-13420H 24G 512G IPS莱茵爱眼高清屏 2','https://img13.360buyimg.com/n7/jfs/t1/233077/35/36133/147443/67773bc9F3266f64f/526012bf1513a320.jpg.avif','0',3994.00,'0',0,0,54),(79,'  联想 （Lenovo）二手 笔记本电脑  小新Air/Pro14/15.6寸剪辑编程设计制图商务办公轻薄本 9新【顶配四核i7二代16G】1TB固态独显12款','https://img11.360buyimg.com/n7/jfs/t1/89125/11/45045/137916/66d81939F674e3ce8/ce397bfbba0a43f3.jpg.avif','0',943.00,'0',0,0,95),(80,'  联想 小新Pro16  2025政府补贴高性能AI旗舰锐龙R7超轻薄独显级 笔记本电脑  16英寸昭阳学生设计游戏手提 锐龙7000系 32G双通道内存 X5Pro 1TB固态 精装升级  ','https://img14.360buyimg.com/n7/jfs/t1/257735/21/7393/616511/677739ddF80f60f1d/3ade27169a7af586.png.avif','0',3499.00,'0',0,0,79),(81,'  联想 （ThinkPad）二手 笔记本电脑  14/15.6寸 设计制图 视频剪辑 轻薄便携 商务办公本 9新强劲办公I7-四代16G-1TB固态独显14款','https://img13.360buyimg.com/n7/jfs/t1/56163/24/26264/109601/66d74161F4710bfc6/afa175ed8dbb13cf.jpg.avif','0',1439.00,'0',0,0,95),(82,'联想 （ThinkPad）二手 笔记本电脑  14/15.6寸 设计制图 视频剪辑 轻薄便携 商务办公本 95新游戏多开I7-七代16G-512G独显17款','https://img13.360buyimg.com/n7/jfs/t1/56163/24/26264/109601/66d74161F4710bfc6/afa175ed8dbb13cf.jpg.avif','0',1748.00,'0',0,0,95),(83,'  联想 拯救者Y7000P 2024 畅玩黑神话悟空16英寸电竞游戏 笔记本电脑 满功耗RTX4060独显可选 旗舰14代酷睿 i7-14650HX 16G 1T 4060标配','https://img14.360buyimg.com/n7/jfs/t1/241206/6/26202/179802/674bd856F0e5c736c/d2a351e1c3a3760e.jpg.avif','0',7888.00,'0',0,0,83),(84,'  联想 拯救者Y9000P 2024黑神话悟空电竞游戏 笔记本电脑  满血RTX4060 8G独显 14代酷睿24核i9-14900HX 32G 1TB固态 钛晶灰 AI元启版 标配 16英寸2.5K超清｜2','https://img11.360buyimg.com/n7/jfs/t1/254856/27/8037/166876/6776bbaeF2ce85429/191637d74dcf5ee3.jpg.avif','0',10188.00,'0',0,0,76),(85,'  联想 拯救者Y9000P 2024黑神话悟空电竞游戏 笔记本电脑  满血RTX4060 8G独显 14代酷睿24核i9-14900HX 32G 1TB固态 钛晶灰 AI元启版 标配 16英寸2.5K超清｜2','https://img11.360buyimg.com/n7/jfs/t1/254856/27/8037/166876/6776bbaeF2ce85429/191637d74dcf5ee3.jpg.avif','0',10188.00,'0',0,0,76),(86,'  联想 （Lenovo）小新Pro14 2025+政府补贴AI全能本独显14英寸旗舰酷睿i5学生商务办公设计游戏轻薄大屏 笔记本电脑  新品 N100 千兆网口16G内存| P14H 512G PCIe固 ','https://img12.360buyimg.com/n7/jfs/t1/265274/3/2335/128804/676a1c33F77db169f/f53be137c8de9f0c.jpg.avif','0',2399.00,'0',0,0,25),(87,'  联想 小新Pro16 笔记本电脑  全新旗舰八核锐龙R7高性能超轻薄本 V15.6英寸学生手提办公游戏设计本可选 八核锐龙R7 16G内存 512G高速固态 满血性能显卡 FHD ','https://img12.360buyimg.com/n7/jfs/t1/257692/14/7083/95648/67766bf8F3ef48b40/45f2bbdb22d05693.jpg.avif','0',3489.00,'0',0,0,58),(88,'  联想 小新Pro16 笔记本电脑  全新旗舰八核锐龙R7高性能超轻薄本 V15.6英寸学生手提办公游戏设计本可选 八核锐龙R7 16G内存 1TB高速固态 满血性能显卡 FHD ','https://img13.360buyimg.com/n7/jfs/t1/265006/25/6962/98171/67766bfaF1f138312/df629c4262f6e014.jpg.avif','0',3789.00,'0',0,0,58),(89,'  联想 小新Pro16 笔记本电脑  全新旗舰八核锐龙R7高性能超轻薄本 V15.6英寸学生手提办公游戏设计本可选 八核锐龙R7 24G内存 1TB高速固态 满血性能显卡 FHD ','https://img14.360buyimg.com/n7/jfs/t1/253377/32/8188/95396/67766bfbF2c761dba/68a8d5a5737f4610.jpg.avif','0',4089.00,'0',0,0,58),(90,'  联想 （Lenovo）小新小新16  AI高能轻薄 笔记本电脑  高色域 小新16】i5-13420H 16G 512G','https://img14.360buyimg.com/n7/jfs/t1/265440/24/3968/79342/676e7366F0be84644/10c811fe67bf8ba0.jpg.avif','0',4199.00,'0',0,0,60),(91,'  联想 小新15Air 笔记本电脑 政府补贴20% 电脑  15.6英寸可选来酷新品酷睿版 推荐i5-12450H 16G 512G来酷 标配 质保2年 轻薄 笔记本 ','https://img10.360buyimg.com/n7/jfs/t1/229053/20/35889/136185/6760f55bF70ecf8ca/83c1970c91d9ef3d.jpg.avif','0',3169.00,'0',0,0,86),(92,'  联想 小新15Air 笔记本电脑 政府补贴20% 电脑  15.6英寸可选来酷 新品 酷睿版 推荐i5-12450H 16G 512G来酷 标配 质保2年 轻薄 笔记本 ','https://img10.360buyimg.com/n7/jfs/t1/229053/20/35889/136185/6760f55bF70ecf8ca/83c1970c91d9ef3d.jpg.avif','0',3169.00,'0',0,0,86),(93,'  联想笔记本电脑 V15 小新品窄边框学生网课高性能轻薄本 家用商务办公手提 电脑  异能者可选 N4500 16G内存 512G高速固态丨V15 升级 满血高性能显卡 全高 ','https://img13.360buyimg.com/n7/jfs/t1/235249/40/36229/117058/676a8af5F4edc0b2c/4b5822876369141b.jpg.avif','0',2399.00,'0',0,0,61),(94,'  联想 LENOVO拯救者Y9000P游戏 笔记本电脑 R7000P独显4060旗舰学生电竞手提轻薄 16G+512G R9000P 5800H/3060/2.5k165 展柜样机 支持验机','https://img13.360buyimg.com/n7/jfs/t1/100640/26/47525/91224/65f14f08F3f26a1dd/37e2817445d44a0e.jpg.avif','0',4399.00,'0',0,0,108),(95,'  联想 小新Pro14 2024 AI超能本超轻薄商务办公 笔记本电脑 ThinkBookv14英寸可选 学生游戏本高性能设计师 酷睿i5 13代标压 人脸/背光 TB升级 16G（DDR5）运行 1T固态 ','https://img13.360buyimg.com/n7/jfs/t1/263680/29/3967/203454/676e4986F8887566a/da8a405bd51c1dc4.jpg.avif','0',4299.00,'0',0,0,73),(96,'   ThinkPad 联想 ThinkBook 14+2024酷睿版可选14英寸高性能轻薄本商务办公学生设计游戏 笔记本电脑 小新Pro升级 爆\" 14 i5-13500H 16G 512G IPS高色域屏 人脸','https://img14.360buyimg.com/n7/jfs/t1/260468/16/122/210511/67637553F6d733b50/6434cb3de32faf7e.jpg.avif','0',4599.00,'0',0,0,8),(97,'联想 拯救者Y7000P 2024款AI超能酷睿i7标压 满血RTX4060独显 商务设计book16/昭阳x系轻薄 笔记本电脑  年终冲量机型】旗舰R5-7430U 昭阳 16G 512固态【官方正品 支','https://img12.360buyimg.com/n7/jfs/t1/253152/20/6682/158096/6772463dFc47a9297/4ec76b1aab6043b9.png.avif','0',3088.00,'0',0,0,62),(98,'联想 拯救者Y7000P 2024款AI超能酷睿i7标压 满血RTX4060独显 商务设计book16/昭阳x系轻薄 笔记本电脑  年终冲量机型】旗舰R5-7430U 昭阳 补贴配置\\\'16G 1TB固态【旗','https://img13.360buyimg.com/n7/jfs/t1/253152/20/6682/158096/6772463dFc47a9297/4ec76b1aab6043b9.png.avif','0',3388.00,'0',0,0,62),(99,' 联想 Thinkpad 轻薄便携13/14/15.6英寸商务办公i5 i7网课学习游戏设计二手 笔记本 电 顶配热荐【i7二代四核】16G-512G固态 推荐 9成新','https://img13.360buyimg.com/n7/jfs/t1/150792/38/31798/80110/66df07a3F6eedd983/ab2b195f49ed6442.jpg.avif','0',859.00,'0',0,0,37),(100,'  联想笔记本电脑 V15 全新英特尔学生网课轻薄本 15.6英寸小新品家用商务办公手提 电脑 本 N4500 8G内存 512G固态 带office 满血显卡 FHD全高清防眩光屏 精装 ','https://img11.360buyimg.com/n7/jfs/t1/257000/2/7078/111425/67765aa4F9f86d51f/c1035b3fa82b5c40.jpg.avif','0',2299.00,'0',0,0,59),(101,'  联想笔记本电脑 V15 全新英特尔学生网课轻薄本 15.6英寸小新品家用商务办公手提 电脑 本 N4500 16G内存 512G固态 office 满血显卡 FHD全高清防眩光屏 精装升 ','https://img12.360buyimg.com/n7/jfs/t1/255068/9/8109/111199/67765aa5F62ba5c01/24371cdf8d11bcb0.jpg.avif','0',2399.00,'0',0,0,59),(102,'  联想 拯救者7000p/y9000p 联想笔记本联想 拯救者r9000p游戏 笔记本电脑  Y7000：11代I5/3050 16G内存+512G固态 【激活库存机 支持验机】','https://img10.360buyimg.com/n7/jfs/t1/163380/25/36169/115474/67442989F48c83203/fe3876444360cead.png.avif','0',3399.00,'0',0,0,107),(103,' 联想 LENOVOThinkPad X270 X280 X260 联想笔记本电脑 轻薄12寸办公i7二手商务 联想 X260 i5-六代LED 8GB+256GB SSD','https://img11.360buyimg.com/n7/jfs/t1/167354/38/44927/88701/662133a1F7bc3f8b0/dae7cc551777d9ce.jpg.avif','0',902.34,'0',0,0,40),(104,'  联想 拯救者Y9000P 2023/2024款 16英寸 新款 设计电竞游戏 笔记本电脑  i9-14900HX RTX4060（冰魄白） 标配 32G内存+1TB固态硬盘 2.5K/240Hz电竞屏','https://img14.360buyimg.com/n7/jfs/t1/268131/39/2407/150898/676a31e7Ffa5d10d5/f2faa4bedacc8330.jpg.avif','0',10499.00,'0',0,0,105),(105,'联想 （Lenovo）IdeaPad 15s 15.6英寸 轻薄 笔记本电脑  锐龙R5 16G 512G FHD','https://img10.360buyimg.com/n7/jfs/t1/197190/9/48114/100728/674881b8F8078dea4/aae19a12dbef0bbb.jpg.avif','0',2899.00,'0',0,0,60),(106,'  联想 （Lenovo） 笔记本电脑 Pro级速3 15.6英寸13代14代酷睿i5i7商用办公轻薄设计游戏手提本 升级 i5-13420H 16G 512G固态 wifi6 IPS全高清屏','https://img13.360buyimg.com/n7/jfs/t1/268176/33/7266/186160/67773bc3Fa41bf550/d6bb4b5676c174a0.jpg.avif','0',3894.00,'0',0,0,54),(107,'  联想 拯救者Y7000P 2024电竞游戏 笔记本电脑  满功耗RTX4060独显8G 14代酷睿i7-14650HX 16G 1TB 满血RTX4060-8G独显 标配 16英寸2.5K超高清|165Hz','https://img10.360buyimg.com/n7/jfs/t1/157236/10/47850/149467/6735c577Fd1458d2f/1feb5259d81c8370.jpg.avif','0',7788.00,'0',0,0,80),(108,'联想 小新16/14/15 轻薄 笔记本电脑  办公学习便携 小新16】i5-13420H 16G 512G','https://img10.360buyimg.com/n7/jfs/t1/267821/31/4057/99601/676e70bdF4d45be2a/77a53c8cf123aec5.jpg.avif','0',4246.00,'0',0,0,63),(109,' 联想 ThinkPad P51 Extreme i7游戏设计3D渲染工作站IBM二手 笔记本电脑  95新 W540 i7四核 16G 512G固态 2G独显','https://img13.360buyimg.com/n7/jfs/t1/36678/18/24344/143070/66d7cfa0Fc9147947/4281a4e7e1002b3d.jpg.avif','0',1618.00,'0',0,0,89),(110,' 联想 拯救者Y9000P 2024官方补贴满血独显游戏 笔记本电脑 14代标压i9/高性能G5000可选学生设计建模手 RTX4060独显 i7-13650H G5000 32G内存 1TB PCIE固态 ','https://img12.360buyimg.com/n7/jfs/t1/259196/13/6032/196732/6773c2ddF60f4d23b/a9df4a652c561e90.jpg.avif','0',8399.00,'0',0,0,56),(111,' 联想 拯救者Y9000P 2024官方补贴满血独显游戏 笔记本电脑 14代标压i9/高性能G5000可选学生设计建模手 RTX4060独显 i7-13650H G5000 32G内存 1TB PCIE固态 ','https://img12.360buyimg.com/n7/jfs/t1/259196/13/6032/196732/6773c2ddF60f4d23b/a9df4a652c561e90.jpg.avif','0',8399.00,'0',0,0,56),(112,'联想笔记本电脑 2024 新品 12代13代酷睿i7高性能轻薄本14/15.6昭阳超速3学生商务办公设计师手提游戏本 爆15.6丨定制i7-13620H 40G1T固态 FHD高清护眼屏 航空级严苛环境测试','https://img10.360buyimg.com/n7/jfs/t1/266733/31/7283/155014/67773b97Fbc62c15b/3bd3efd474d29b7f.jpg.avif','0',5693.00,'0',0,0,54),(113,'联想笔记本电脑 2024 新品 12代13代酷睿i7高性能轻薄本14/15.6昭阳超速3学生商务办公设计师手提游戏本 爆15.6丨定制i7-13620H 40G1T固态 FHD高清护眼屏 航空级严苛环境测试','https://img10.360buyimg.com/n7/jfs/t1/266733/31/7283/155014/67773b97Fbc62c15b/3bd3efd474d29b7f.jpg.avif','0',5693.00,'0',0,0,54),(114,' 联想 拯救者Y7000 2024游戏本 笔记本电脑 Y7000P可选 酷睿i7学生专业电竞本满血4060 i7-13650HX 24G 1TB 4060定制','https://img11.360buyimg.com/n7/jfs/t1/261454/11/4534/137888/676fc3bfFb5ea72d1/e96f0661cc1363b6.png.avif','0',6888.00,'0',0,0,75),(115,'联想 （Lenovo)二手 笔记本电脑 小新 Air/pro 13/14/15.6寸 轻薄商务制图办公本 9新高性能【i7四代】16G-512G独显14款 .','https://img12.360buyimg.com/n7/jfs/t1/232492/4/31101/160281/675b0e89F4ce73cc6/28a3769e68af7493.jpg.avif','0',1138.00,'0',0,0,109),(116,' 联想笔记本电脑 小新14 标压酷睿i5 i7可选2024超轻薄便携学生设计师办公本Air14商务本游戏本 N100 8G 512G丨异能者P14H升级 14英寸全高清IPS屏','https://img11.360buyimg.com/n7/jfs/t1/265466/4/4398/107600/676f6760F4e1c8915/1dea025dacd00ad1.jpg.avif','0',2299.00,'0',0,0,48),(117,' 联想 拯救者Y7000 2024畅玩黑神话悟空 电竞游戏 笔记本电脑 学生设计P图满血RTX4060独显8G  旗舰14核酷 i7-13650HX 24G 1TB 4060升级','https://img13.360buyimg.com/n7/jfs/t1/247000/8/26602/230420/674bcf39Fbb1d4037/3d58fc390101467e.jpg.avif','0',6888.00,'0',0,0,83),(118,'  联想笔记本电脑  小新Pro14 2024款14英寸轻薄本13代酷睿i5标压air可选办公女生大学生游戏超级全能本 【补贴】锐龙R5-7430 16G内存丨超速5昭阳 512G PCIe固态  ','https://img14.360buyimg.com/n7/jfs/t1/252565/3/7688/172244/67774d54F2d7cf6ba/361756de73c974da.jpg.avif','0',2899.00,'0',0,0,51),(119,' 联想笔记本电脑  小新Pro14英寸可选新款升级X系列高性能轻薄便携手提本 办公游戏学生手提 联想笔记本  i3-1215U 16GB 512G固态 标配 IPS全高清屏 游戏性能 ','https://img11.360buyimg.com/n7/jfs/t1/192941/19/52728/142001/6746ae77F0db08fdd/c653483747a82668.jpg.avif','0',2993.00,'0',0,0,6),(120,'  联想笔记本电脑 V15 全新窄边框学生网课高性能轻薄本 15.6英寸家用商务办公手提 电脑  N4500 16G内存 512G高速固态丨升级 满血高性能显卡 全高清防眩光屏 全尺寸键盘','https://img10.360buyimg.com/n7/jfs/t1/228891/16/32167/112222/675a58cfF2fd97ddb/08715ca0ab16ec75.jpg.avif','0',2499.00,'0',0,0,84),(121,'  联想笔记本电脑 V15 全新窄边框学生网课高性能轻薄本 15.6英寸家用商务办公手提 电脑  N4500 16G内存 512G高速固态丨升级 满血高性能显卡 全高清防眩光屏 ','https://img10.360buyimg.com/n7/jfs/t1/228891/16/32167/112222/675a58cfF2fd97ddb/08715ca0ab16ec75.jpg.avif','0',2499.00,'0',0,0,84),(122,'  联想 小新Pro16 笔记本电脑  2024酷睿Ultra9可选2.5K高刷设计师办公游戏本扬天V学生手提轻薄本 全新升级 V15 i5-13420H 16G内存 512固态 游戏级锐炬显卡 IPS全高 ','https://img11.360buyimg.com/n7/jfs/t1/229669/40/27055/126835/675a58d0F4732a2ea/ad22b6fa763bff69.jpg.avif','0',3499.00,'0',0,0,84),(123,'  联想 拯救者Y7000 2024电竞游戏 笔记本电脑 P图设计学生 电脑 r不到9000 畅玩黑神话悟空 14核标压酷睿i7 24G 1TB 满血4060 升级｜Y7000 15.6英寸专业电竞屏','https://img11.360buyimg.com/n7/jfs/t1/246096/34/22842/590807/6732b9c9F00b942ee/601a2413453fd5e1.png.avif','0',6988.00,'0',0,0,53),(124,'  联想笔记本电脑 V14 2024高性能7000系八核锐龙R7 商用办公设计师超轻薄学生游戏本 定制：R7-7730U 16G  1TB固态 IPS全高清屏 满血显卡 Wi-Fi6','https://img12.360buyimg.com/n7/jfs/t1/260369/1/7235/122261/6777400cF6b3b9187/e800376d838b9352.jpg.avif','0',4294.00,'0',0,0,54),(125,'  联想 拯救者Y9000P旗舰游戏 笔记本电脑 R9000P独显4060学生电竞I7高性能 Y7000 I5-11400H/RTX3050 16GB内存 | 512GB固态 拆封样机 | 正品保障','https://img12.360buyimg.com/n7/jfs/t1/226275/30/20997/151886/667e688fFcbd65440/a73646abeaea625a.jpg.avif','0',3399.00,'0',0,0,108),(126,'  联想 拯救者Y9000P旗舰游戏 笔记本电脑 R9000P独显4060学生电竞I7高性能 Y7000 I5-11400H/RTX3050 32GB内存 | 1TB固态 拆封样机 | 正品保障','https://img14.360buyimg.com/n7/jfs/t1/226275/30/20997/151886/667e688fFcbd65440/a73646abeaea625a.jpg.avif','0',3999.00,'0',0,0,108),(127,'  联想 拯救者Y9000P旗舰游戏 笔记本电脑 R9000P独显4060学生电竞I7高性能 Y7000 I7-11800H/RTX3050 16GB内存 | 512GB固态 拆封样机 | 正品保障','https://img10.360buyimg.com/n7/jfs/t1/226275/30/20997/151886/667e688fFcbd65440/a73646abeaea625a.jpg.avif','0',3699.00,'0',0,0,108),(128,' 联想 拯救者Y9000P旗舰游戏 笔记本电脑 R9000P独显4060学生电竞I7高性能 Y7000 I7-11800H/RTX3050 16GB内存 | 1TB固态 拆封样机 | 正品保障','https://img11.360buyimg.com/n7/jfs/t1/226275/30/20997/151886/667e688fFcbd65440/a73646abeaea625a.jpg.avif','0',4093.00,'0',0,0,108),(129,'联想 拯救者Y9000P旗舰游戏 笔记本电脑 R9000P独显4060学生电竞I7高性能 Y9000P I7-11800H/3060/165 16GB内存 | 1TB固态 拆封样机 | 正品保障','https://img11.360buyimg.com/n7/jfs/t1/226275/30/20997/151886/667e688fFcbd65440/a73646abeaea625a.jpg.avif','0',5170.00,'0',0,0,108),(130,' 联想 拯救者Y9000P旗舰游戏 笔记本电脑 R9000P独显4060学生电竞I7高性能 Y9000P I7-11800H/3060/165 32GB内存 | 1TB固态 拆封样机 | 正品保障','https://img12.360buyimg.com/n7/jfs/t1/226275/30/20997/151886/667e688fFcbd65440/a73646abeaea625a.jpg.avif','0',5464.00,'0',0,0,108),(131,'  联想  (Lenovo)二手 笔记本电脑 小新Air/pro13/14/15.6寸轻薄商务设计制图办公本 酷睿i7三代-16G-512G大容量高效办公 95成新','https://img13.360buyimg.com/n7/jfs/t1/232469/3/26893/103600/66ebefa7F35e451a2/e8fe0675393a1b85.jpg.avif','0',909.00,'0',0,0,23),(132,'联想 小新14 Air 级2024锐龙版超轻薄超级本 设计师商务办公本学生上网电竞游戏本V14 15 笔记本电脑 可选 新锐龙R5 7430U 16G v14屏X系列 512G ssd固态丨丰富接口','https://img10.360buyimg.com/n7/jfs/t1/228796/9/38416/157292/676e498aFa122b8c9/ce2b39e8a73d1901.jpg.avif','0',2849.02,'0',0,0,73),(133,'  联想 （Lenovo）昭阳X【青春版】高性能商务办公 笔记本电脑 轻薄设计本 【14英寸/曜石黑】 i5-13420H/16G/512G固态/标配版','https://img12.360buyimg.com/n7/jfs/t1/241443/14/26322/130899/674d75caFbc008320/57d14276f3097219.jpg.avif','0',3799.00,'0',0,0,50),(134,'联想 拯救者y7000P 2024款满血独显 笔记本电脑  AIPC酷睿i7标压RTX4060电竞游戏本学生设计师高性能本 i7-13620H 旗舰标压 超速X3 16G内存 512G固态【官方正品 支 ','https://img12.360buyimg.com/n7/jfs/t1/268250/4/7341/204626/677757c8Fb4ad0643/edddd996b3ea23e0.jpg.avif','0',4498.00,'0',0,0,24),(135,'    ThinkPad 联想 ThinkBook 14 2024锐龙+轻薄本高性能便携手提办公商务大学生游戏设计师 笔记本电脑 悦/V14可选 R5-7430U 16G内存 512G固态悦Pro 可选八核处理器丨I','https://img13.360buyimg.com/n7/jfs/t1/268250/24/2350/197275/676a1c48F4f4fd9d2/edddd996b3ea23e0.jpg.avif','0',3799.00,'0',0,0,8),(136,'  联想 小新pro16 2024款高性能独显级旗舰酷睿i7小新16超轻薄 笔记本电脑 学生设计游戏办公超能版手提本 R5-7430U 16G 512G 超速5昭阳升级 游戏级满血显卡 全 ','https://img12.360buyimg.com/n7/jfs/t1/261468/31/7240/189066/6777567bF2b55f731/1b02043c422fff60.jpg.avif','0',2899.00,'0',0,0,51),(137,'  联想  小新Pro16 2024款锐龙标压AI元启超能本 可选小新14/16 英寸大屏独显级高性能轻薄游戏 笔记本电脑  Pro16丨R7-8745H 24G 1TB丨新品 可选2.5K高刷超清大屏','https://img14.360buyimg.com/n7/jfs/t1/262684/20/7032/441763/6776b9b3F5d9bd8d2/be9cb9d88fffc49a.png.avif','0',4899.00,'0',0,0,87),(138,' 联想 拯救者Y7000P黑神话悟空游戏 笔记本 画图设计学生吃鸡 电脑 Y9000P Y7000 i5-8300H-1050 16G+512G官方标配','https://img14.360buyimg.com/n7/jfs/t1/74495/11/28337/126104/66b5d664F20ee8104/bd7d00f6f6195219.jpg.avif','0',2388.00,'0',0,0,26),(139,'联想 拯救者Y7000P黑神话悟空游戏 笔记本 画图设计学生吃鸡 电脑 Y9000P Y7000：i5-9300-1650 16G+512G官方标配','https://img11.360buyimg.com/n7/jfs/t1/74495/11/28337/126104/66b5d664F20ee8104/bd7d00f6f6195219.jpg.avif','0',2668.00,'0',0,0,26),(140,' 联想 拯救者Y7000P黑神话悟空游戏 笔记本 画图设计学生吃鸡 电脑 Y9000P Y7000 i5-11400-3050 16G+1TB固态硬盘','https://img14.360buyimg.com/n7/jfs/t1/74495/11/28337/126104/66b5d664F20ee8104/bd7d00f6f6195219.jpg.avif','0',4188.00,'0',0,0,26),(141,'联想 拯救者Y7000P黑神话悟空游戏 笔记本 画图设计学生吃鸡 电脑 Y9000P R7000-R7-5800-3050 16G+1TB固态硬盘','https://img13.360buyimg.com/n7/jfs/t1/74495/11/28337/126104/66b5d664F20ee8104/bd7d00f6f6195219.jpg.avif','0',4298.00,'0',0,0,26),(142,' 联想 拯救者Y7000P黑神话悟空游戏 笔记本 画图设计学生吃鸡 电脑 Y9000P Y7000P i7-10875-2060 16G+1TB固态硬盘','https://img11.360buyimg.com/n7/jfs/t1/74495/11/28337/126104/66b5d664F20ee8104/bd7d00f6f6195219.jpg.avif','0',4288.00,'0',0,0,26),(143,' 联想 拯救者Y7000P黑神话悟空游戏 笔记本 画图设计学生吃鸡 电脑 Y9000P Y7000P：I7-12700-3050 16G+1TB固态硬盘','https://img13.360buyimg.com/n7/jfs/t1/74495/11/28337/126104/66b5d664F20ee8104/bd7d00f6f6195219.jpg.avif','0',5188.00,'0',0,0,26),(144,' 联想 拯救者Y7000P黑神话悟空游戏 笔记本 画图设计学生吃鸡 电脑 Y9000P Y9000P：i7 11800-3060 16G+1TB固态硬盘','https://img12.360buyimg.com/n7/jfs/t1/74495/11/28337/126104/66b5d664F20ee8104/bd7d00f6f6195219.jpg.avif','0',5988.00,'0',0,0,26),(145,'联想 拯救者Y7000P 2024款AIPC元启Evo酷睿I7标压高性能 RTX4060满血独显 设计昭阳X电竞游戏 笔记本电脑  旗舰i7-13620H标压 游戏核显丨X系 16G-1TB高速固态丨全新 ','https://img11.360buyimg.com/n7/jfs/t1/268588/32/6217/199037/67742f55F0662039f/bf7329428970e59d.jpg.avif','0',4648.00,'0',0,0,28),(146,'  联想 拯救者Y7000P 2024款AIPC酷睿i7标压 满血RTX4060独显 大学生昭阳x系/E14轻薄 笔记本电脑 政府 补贴\\\'i7-13620H旗舰标压 超速x3 【补贴价】日常够用：16G-1TB','https://img11.360buyimg.com/n7/jfs/t1/259336/38/5427/203154/6772463dF15387ee2/e963a2cff51c14b4.jpg.avif','0',4599.00,'0',0,0,62),(147,'  联想 /方正 笔记本 政府补贴20% 电脑 新品轻薄游戏本十二代手提 电脑 大学生 【飞扬轻薄本】12代英特尔灰色 热销16G+512G高速硬盘+豪华礼品','https://img13.360buyimg.com/n7/jfs/t1/165497/12/51215/158178/6736ca82F79eeee19/c4a7a6e53cfc5d5e.jpg.avif','0',1888.00,'0',0,0,106),(148,'  联想 /方正 笔记本 政府补贴20% 电脑 新品轻薄游戏本十二代手提 电脑 大学生 【飞扬轻薄本】12代英特尔灰色 32G高速内存+1T硬盘+豪华礼品','https://img11.360buyimg.com/n7/jfs/t1/165497/12/51215/158178/6736ca82F79eeee19/c4a7a6e53cfc5d5e.jpg.avif','0',2188.00,'0',0,0,106),(149,' 联想 小新Pro16 笔记本电脑 24标压锐龙版可选扬天AI全能本英寸120Hz高刷设计师游戏学生手提轻薄本 R5-7430U 16G内存 1TB固态V15 满血性能显卡|IPS高色域屏|双 ','https://img10.360buyimg.com/n7/jfs/t1/263961/32/1883/145166/67691923Fdadd55f5/f2aff6188d03ac3d.jpg.avif','0',3198.40,'0',0,0,66),(150,'  联想 小新Pro16 2024款 笔记本电脑 高性能酷睿处理器轻薄本商务设计办公游戏学生手提昭阳 笔记本电脑  标配|i5-13420H 16G512G固态|X3 IPS全高清屏|游戏级锐炬 ','https://img13.360buyimg.com/n7/jfs/t1/262574/22/2480/115033/676a5e55F19acc70c/3a89ea1cd5f032bc.jpg.avif','0',3499.00,'0',0,0,66),(151,'  联想 小新Pro16 2024可选 标压酷睿i5 i7 笔记本电脑 轻薄本大学生政府补贴20% 电脑 来酷商务办公游戏本 标压i5-12450H 16G 1TB丨来酷升级 T9数字小键盘','https://img11.360buyimg.com/n7/jfs/t1/263493/24/4558/150639/676fc085Fa42e01ad/9cae941c2f64129c.jpg.avif','0',3388.00,'0',0,0,48),(152,'  联想 小新Pro16 2024可选 标压酷睿i5 i7 笔记本电脑 轻薄本大学生政府补贴20% 电脑 来酷商务办公游戏本 标压i5-12450H 16G 512G丨来酷标配 T9数字小键盘','https://img10.360buyimg.com/n7/jfs/t1/263493/24/4558/150639/676fc085Fa42e01ad/9cae941c2f64129c.jpg.avif','0',3088.00,'0',0,0,48),(153,'  联想 小新Pro16 2024标压锐龙版本可选R7+120Hz高刷AI全能游戏本设计游戏学生轻薄扬天V15.6 笔记本电脑  R5-7430U 16G内存 512G固态V15 游戏性能显卡 全高清屏 全 ','https://img11.360buyimg.com/n7/jfs/t1/257719/27/7295/136806/6776b3e0F7227632a/e666f23f7153b3e7.jpg.avif','0',3099.00,'0',0,0,67),(154,'  联想 小新Pro16 2024标压锐龙版本可选R7+120Hz高刷AI全能游戏本设计游戏学生轻薄扬天V15.6 笔记本电脑  R5-7430U 16G内存 1TB固态V15 游戏性能显卡 全高清屏 全 ','https://img12.360buyimg.com/n7/jfs/t1/266319/35/7131/136843/6776b3e7F2233f59b/2d0060ed108210f4.jpg.avif','0',3399.00,'0',0,0,67),(155,' 联想 拯救者R7000 2024游戏本 笔记本电脑 15.6英寸RTX 4060专业电竞8G独显可选 学生设计P图 高色域 新R7-8745H 16G 512G 4050标配','https://img13.360buyimg.com/n7/jfs/t1/254702/31/5391/684248/676fc6b2F1303d85c/eea8d3b117631b02.png.avif','0',5988.00,'0',0,0,75),(156,'  联想 小新Pro16 笔记本电脑  2024+旗舰酷睿标压高性能i5 16英寸扬天商务大学生设计师轻薄便携游戏本 小新16 i5-13420H 16G 1TB固态 游戏级显卡 IPS全高清屏 精 ','https://img11.360buyimg.com/n7/jfs/t1/257054/6/7194/106117/67765805F90e36713/416657f4abfaa887.jpg.avif','0',4499.00,'0',0,0,58),(157,'联想 拯救者Y9000P 2024款游戏本 AIPC酷睿i9满血RTX4060独显大学生设计师G5000专业电竞 笔记本电脑 可选 i5-13500H 2.5K满血显卡丨TB16 旗舰：16G内存 1T固态','https://img10.360buyimg.com/n7/jfs/t1/254243/4/4022/191204/676b9765F9ef4ae6d/33c6f24f7aa2e066.jpg.avif','0',4985.00,'0',0,0,22),(158,'    ThinkPad 联想 ThinkBook16+ 2024旗舰13代酷睿i5高性能本 轻薄学生设计办公游戏手提 笔记本电脑  i5-13420H 16G 512G固态 游戏级显卡 防眩光高清屏 精装升级 Wi','https://img11.360buyimg.com/n7/jfs/t1/264378/18/6949/151627/67765ad9F3a52635a/9d06644d5455e0fb.jpg.avif','0',3499.00,'0',0,0,59),(159,'  联想 小新Pro16 笔记本电脑  2024全新酷睿Ultra9可选120Hz高刷设计师办公游戏本扬天V学生手提超轻薄本 i5-13420H 32G内存 1TB固态 V15 IPS全高清屏 游戏级显卡 全 ','https://img14.360buyimg.com/n7/jfs/t1/252729/18/8187/156066/6776b5b5Fd3bc37de/bb3ca89c0e72aa11.jpg.avif','0',4389.00,'0',0,0,71),(160,'   ThinkPad 联想 ThinkBook 16+  pro版可选酷睿标压Ultra高性能全能本轻薄商务办公大学生游戏 笔记本电脑  i5-13500H 32G 1T固态|升级 游戏级满血显卡 超高清护眼屏','https://img12.360buyimg.com/n7/jfs/t1/133965/16/48303/980558/67249fa4F29b32c88/8899027bf683c815.png.avif','0',4888.00,'0',0,0,19),(161,'  联想 小新Pro16 笔记本电脑  2024标压酷睿Ultra9可选2.5K屏高性能设计办公游戏本V学生手提昭阳超轻薄本 i5-13420H 16G内存 512固态X3 IPS全高清屏 游戏性能显卡  ','https://img13.360buyimg.com/n7/jfs/t1/257674/17/7213/134592/6776b406F48d1d4d7/5ce117a8bb4f984f.jpg.avif','0',3399.00,'0',0,0,67),(162,' 联想 小新Pro16 笔记本电脑  2024标压酷睿Ultra9可选2.5K屏高性能设计办公游戏本V学生手提昭阳超轻薄本 i7-13620H 16G内存1TB固态X3 IPS全高清屏 游戏性能显卡 全新升级','https://img13.360buyimg.com/n7/jfs/t1/260937/6/5276/121868/6771f301F52e4114e/9b2eef57ce94bac0.jpg.avif','0',4498.00,'0',0,0,67),(163,'联想 小新Pro16 笔记本电脑  2024标压酷睿Ultra9可选2.5K屏高性能设计办公游戏本V学生手提昭阳超轻薄本 i7-13620H 16G内存1TB固态X3 IPS全高清屏 游戏性能显卡  ','https://img13.360buyimg.com/n7/jfs/t1/260937/6/5276/121868/6771f301F52e4114e/9b2eef57ce94bac0.jpg.avif','0',4498.00,'0',0,0,67),(164,'  联想 小新Pro16 笔记本电脑  2024标压酷睿Ultra9可选2.5K屏高性能设计办公游戏本V学生手提昭阳超轻薄本 i7-13620H 32G内存1TB固态X3 IPS全高清屏 游戏性能显卡  ','https://img14.360buyimg.com/n7/jfs/t1/230944/27/38830/121804/6771f303F33db0a3a/e35373018470d58f.jpg.avif','0',4899.00,'0',0,0,67),(165,' 联想 Thinkpad二手 笔记本电脑 商务办公游戏本性价比高二手 笔记本  X220I 套餐一 9成新','https://img11.360buyimg.com/n7/jfs/t1/227993/32/39436/113540/67764c1bF23ebff31/b69db2c23e3b10c6.jpg.avif','0',408.00,'0',0,0,36),(166,'  联想 小新Pro14 笔记本电脑  2024酷睿Ultra9可选AI超能本120Hz高刷设计师办公游戏扬天V学生轻薄手提本 X3 i3-1315U 16G内存 512G固态 FHD全高清屏 游戏级显卡 全新','https://img10.360buyimg.com/n7/jfs/t1/256628/34/8078/134112/6776b63fFf1a84307/651c69a76e0be9b7.jpg.avif','0',2989.00,'0',0,0,71),(167,'   ThinkPad 联想 ThinkBook 16+  pro版可选酷睿标压Ultra高性能全能本轻薄商务办公大学生游戏 笔记本电脑  i7-13620H 32G 1T固态|升级 游戏级满血显卡 超高清护眼屏','https://img11.360buyimg.com/n7/jfs/t1/211354/2/49544/1152836/673ecf63Fe218d9ca/dee4d52b2174cbef.png.avif','0',4899.00,'0',0,0,19),(168,'  联想笔记本电脑 V14/V15 锐龙高性能商务办公娱乐学生网课学习设计全能轻薄本 2024 新品  16MB三级缓存 【旗舰 新品 】14英寸 锐龙R7 7730U 16G内存 512G固态','https://img11.360buyimg.com/n7/jfs/t1/266212/40/5468/114087/67725c58F5dc30ac8/a15bdbc16f230b78.jpg.avif','0',3399.00,'0',0,0,70),(169,'  联想笔记本电脑 V14/V15 锐龙高性能商务办公娱乐学生网课学习设计全能轻薄本 2024 新品  16MB三级缓存 【旗舰 新品 】14英寸 锐龙R7 7730U 16G内存 512G固态','https://img11.360buyimg.com/n7/jfs/t1/266212/40/5468/114087/67725c58F5dc30ac8/a15bdbc16f230b78.jpg.avif','0',3399.00,'0',0,0,70),(170,' 联想 小新Pro16 2024全新标压酷睿i9高性能独显级可选2.5K超清屏轻薄办公学生游戏设计师建模 笔记本电脑  升级 标压i5H 16G 1TB固态 小新16 送Office 小数字键盘','https://img13.360buyimg.com/n7/jfs/t1/261741/5/6901/141889/6776663fF95f94980/1bfcb88118beecea.png.avif','0',4099.00,'0',0,0,56),(171,' 联想 小新Pro16 2024全新标压酷睿i9高性能独显级可选2.5K超清屏轻薄办公学生游戏设计师建模 笔记本电脑  升级 标压i5H 16G 1TB固态 小新16 送Office 小数字键盘','https://img13.360buyimg.com/n7/jfs/t1/261741/5/6901/141889/6776663fF95f94980/1bfcb88118beecea.png.avif','0',4099.00,'0',0,0,56),(172,' 联想 小新Pro16 2024全新标压酷睿i9高性能独显级可选2.5K超清屏轻薄办公学生游戏设计师建模 笔记本电脑  升级 标压i5H 16G 1TB固态 小新16 送Office 小数字键盘','https://img13.360buyimg.com/n7/jfs/t1/261741/5/6901/141889/6776663fF95f94980/1bfcb88118beecea.png.avif','0',4099.00,'0',0,0,56),(173,' 联想 小新Pro16 2024全新标压酷睿i9高性能独显级可选2.5K超清屏轻薄办公学生游戏设计师建模 笔记本电脑  升级 标压i5H 16G 1TB固态 小新16 送Office 小数字键盘','https://img13.360buyimg.com/n7/jfs/t1/261741/5/6901/141889/6776663fF95f94980/1bfcb88118beecea.png.avif','0',4099.00,'0',0,0,56),(174,' 联想 小新Pro16 2024全新标压酷睿i9高性能独显级可选2.5K超清屏轻薄办公学生游戏设计师建模 笔记本电脑  升级 标压i5H 16G 1TB固态 小新16 送Office 小数字键盘','https://img13.360buyimg.com/n7/jfs/t1/261741/5/6901/141889/6776663fF95f94980/1bfcb88118beecea.png.avif','0',4099.00,'0',0,0,56),(175,' 联想 小新Pro16 2024全新标压酷睿i9高性能独显级可选2.5K超清屏轻薄办公学生游戏设计师建模 笔记本电脑  升级 标压i5H 16G 1TB固态 小新16 送Office 小数字键盘','https://img13.360buyimg.com/n7/jfs/t1/261741/5/6901/141889/6776663fF95f94980/1bfcb88118beecea.png.avif','0',4099.00,'0',0,0,56),(176,'  联想 拯救者R9000P 2025冰魄白AIPC锐龙R9标压 RTX4070满血独显可选4090 大学生游戏便携X系 笔记本电脑  R7-8745H标压 16G-1TB固态 X系 千兆网口丨疾速WiFi6+','https://img11.360buyimg.com/n7/jfs/t1/259916/13/6119/206687/67742fd4Fa48ecc9e/d4a994d2c576a46d.jpg.avif','0',4299.00,'0',0,0,28),(177,'联想 /方正 笔记本电脑 2024新品轻薄本Air高性能大学生网课学习商务办公手提 电脑 上网本 【飞扬轻薄高性能】12代英特尔 灰色 【热销】16G内存+512G硬盘+ ','https://img11.360buyimg.com/n7/jfs/t1/187299/34/51669/534142/6736c8cfF8b0d2fc7/291e5f4da754fc66.png.avif','0',1769.00,'0',0,0,100),(178,' 联想 /方正 笔记本电脑 2024新品轻薄本Air高性能大学生网课学习商务办公手提 电脑 上网本 【飞扬升级版2.5K高清】12代英特尔 银色 【热销】16G内存+512G硬 ','https://img14.360buyimg.com/n7/jfs/t1/196891/25/48786/569517/6736c8d2F348184e3/d01c9df972978302.png.avif','0',1969.00,'0',0,0,100),(179,' 联想 /方正 笔记本电脑 2024新品轻薄本Air高性能大学生网课学习商务办公手提 电脑 上网本 【飞扬升级版2.5K高清】12代英特尔 银色 推荐32G内存+512G硬盘+豪 ','https://img10.360buyimg.com/n7/jfs/t1/196891/25/48786/569517/6736c8d2F348184e3/d01c9df972978302.png.avif','0',2169.00,'0',0,0,100),(180,'联想 /方正 笔记本电脑 2024新品轻薄本Air高性能大学生网课学习商务办公手提 电脑 上网本 【飞扬升级版2.5K高清】12代英特尔 银色 32G高速内存+1T硬盘+豪 ','https://img11.360buyimg.com/n7/jfs/t1/196891/25/48786/569517/6736c8d2F348184e3/d01c9df972978302.png.avif','0',2418.75,'0',0,0,100),(181,'联想 小新Pro16 2024+新品独显级酷睿i7高色域轻薄 笔记本电脑  大学生商务办公设计制图超能本 i5 13420H 16G 512G升级|x3','https://img12.360buyimg.com/n7/jfs/t1/254921/5/1755/177352/6764d73cFf97ba559/af28e5e613064e9e.jpg.avif','0',3587.00,'0',0,0,102),(182,' 联想 （Lenovo）二手 笔记本电脑 轻薄便携13/14/15.6英寸商务办公i5娱乐网课学习游戏设计 I3二代/8G内存/256固态硬盘 联想 lenovo 9成新','https://img11.360buyimg.com/n7/jfs/t1/180903/20/48062/108479/66df063eF08bdb5f1/1aa15098957d87dc.jpg.avif','0',528.00,'0',0,0,37),(183,' 联想笔记本电脑 【国家政府补贴】八核锐龙R7满血核显 轻薄学生商用办公设计游戏全能本thinkbook16可选 R5-5500U 16G 512G固态 定制V15 黄金比例窄边框 轻薄 ','https://img12.360buyimg.com/n7/jfs/t1/263249/7/7099/116036/6776d430Fa5377271/7c01f2b3a7aa7af3.jpg.avif','0',2981.00,'0',0,0,85),(184,'  联想 小新16/14/15 轻薄 笔记本电脑  办公学习便携 小新15】i7-13620H 16G 512G','https://img10.360buyimg.com/n7/jfs/t1/259846/5/4047/93470/676e70afFe8e6a2ae/d933d7c1f0ce714e.jpg.avif','0',4599.00,'0',0,0,63),(185,' 联想 拯救者Y7000P 2024黑神话悟空电竞游戏 笔记本电脑 r 16英寸大屏Y9000P同性能4070显卡可选 14代酷睿 20核i7-14700HX 满血RTX4070独显 32G 1TB升级 2.','https://img14.360buyimg.com/n7/jfs/t1/258765/37/7146/169820/6776b977F40d24bec/f2a79d7049f32bf1.jpg.avif','0',9288.00,'0',0,0,76),(186,'    ThinkPad 联想 ThinkBook 14+ 2024 Ultra9 AI全能本可选 14英寸轻薄商务办公 大学生游戏设计手提 笔记本电脑  I5-13420H 16G 512GB| V升级 独显级显卡','https://img11.360buyimg.com/n7/jfs/t1/148381/25/47440/1171340/67455c91F3c63ebf9/27a74783b2b2114d.png.avif','0',3499.00,'0',0,0,19),(187,'   ThinkPad 联想 ThinkBook 14+ 2024 Ultra9 AI全能本可选 14英寸轻薄商务办公 大学生游戏设计手提 笔记本电脑  I5-13500H 32G内存 1TB固态 独显级显卡 全高','https://img11.360buyimg.com/n7/jfs/t1/226913/3/27724/254257/6711f410Ffaa10062/98528a4a1dc6a860.png.avif','0',4673.00,'0',0,0,19),(188,'  联想 （Lenovo） 笔记本电脑 Pro级速3 15.6英寸13代14代酷睿i5i7商用办公轻薄设计游戏手提本 定制14代Core5-120U 32G 1T固态 wifi6 IPS全高清屏','https://img11.360buyimg.com/n7/jfs/t1/268454/38/7172/186267/67773bb2Fa223f0d5/762af6a62f694d84.jpg.avif','0',5394.00,'0',0,0,54),(189,'  联想 （Lenovo） 笔记本电脑 Pro级速3 15.6英寸13代14代酷睿i5i7商用办公轻薄设计游戏手提本 定制14代Core5-120U 32G 1T固态 wifi6 IPS全高清屏','https://img11.360buyimg.com/n7/jfs/t1/268454/38/7172/186267/67773bb2Fa223f0d5/762af6a62f694d84.jpg.avif','0',5394.00,'0',0,0,54),(190,'  联想 （Lenovo） 笔记本电脑 Pro级速3 15.6英寸13代14代酷睿i5i7商用办公轻薄设计游戏手提本 定制14代Core5-120U 32G 1T固态 wifi6 IPS全高清屏','https://img11.360buyimg.com/n7/jfs/t1/268454/38/7172/186267/67773bb2Fa223f0d5/762af6a62f694d84.jpg.avif','0',5394.00,'0',0,0,54),(191,' ThinkPad 联想 ThinkBook 16+ 2024款可选酷睿Ultra9 AI高刷全能本昭阳轻薄设计学生游戏 笔记本电脑 小新Pro16 i5-13420H 16G内存 512G固态|X3 IPS全','https://img10.360buyimg.com/n7/jfs/t1/258395/6/2063/153900/67691462Fef698b4c/ca192d48ec2138be.jpg.avif','0',3348.40,'0',0,0,67),(192,'  联想笔记本电脑 小新Pro14 2024可选酷睿i5 i7 高性价轻薄本政府补贴20% 电脑 大学生商务办公本游戏本 N100 16G 512G丨异能者P14H标配 默认','https://img10.360buyimg.com/n7/jfs/t1/260375/28/1461/117764/67678544Ff2ef56f9/0276031be5ca4b02.jpg.avif','0',2368.00,'0',0,0,48),(193,' 联想 拯救者R9000P/R7000P 2024电竞游戏 笔记本电脑 y 满血RTX4060独显 旗舰锐龙R9 16G 1T 标配｜R9000P 灰 16英寸高刷2.5K电竞屏','https://img13.360buyimg.com/n7/jfs/t1/224742/20/27145/561049/675d331bFda9d4041/b497fcfcdc44ca9b.png.avif','0',8488.00,'0',0,0,53),(194,' 联想笔记本电脑 Thinkpad R14 企业版12代酷睿I7处理器 14英寸轻薄高性能办公设计师学生商务手提本 定制：I7-1260P 16G 1TB固态 IPS高清高色域屏','https://img10.360buyimg.com/n7/jfs/t1/255473/22/8153/156394/67773eddF00f5ae24/cff838239693227c.jpg.avif','0',5994.00,'0',0,0,54),(195,'  联想笔记本电脑 Thinkpad R14 企业版12代酷睿I7处理器 14英寸轻薄高性能办公设计师学生商务手提本 定制：I7-1260P 40G 2TB固态 IPS高清高色域屏','https://img13.360buyimg.com/n7/jfs/t1/257221/7/6834/155659/67773ee2F93999d73/fbebd3d23fce5cfc.jpg.avif','0',7194.00,'0',0,0,54),(196,'联想 小新Pro16 笔记本电脑 可选 2024酷睿Ultra9 AI超能本2.5K超清护眼屏 大学生办公游戏剪辑设计轻薄本 i5-13420H 16G 1TB固态 V15升级 精装升级 独显级显卡 IPS','https://img10.360buyimg.com/n7/jfs/t1/171577/8/48819/2814861/6747e996F6a3e2f65/d81b66decc854f47.png.avif','0',3779.00,'0',0,0,19),(197,'   ThinkPad 联想 ThinkBook 16+ 笔记本电脑 可选2024酷睿Ultra 120Hz高刷AI超能本学生办公设计轻薄 联想笔记本  i5-13420H 16G内存 512G固态标配 独显级游戏显卡','https://img10.360buyimg.com/n7/jfs/t1/265020/21/2827/181907/676b6b77F23b45da7/843629ec930d5142.jpg.avif','0',3499.00,'0',0,0,81),(198,'    ThinkPad 联想 ThinkBook14+ 十四核标压i7轻薄超能本 可选2024酷睿Ultra设计师商务办公游戏学生 笔记本电脑  TB14 i5-13500H 32G内存 1T固态 全新升级 IPS','https://img10.360buyimg.com/n7/jfs/t1/253208/11/8394/148271/6776b554F01965343/054cfc527304530c.jpg.avif','0',4689.00,'0',0,0,7),(199,'  联想笔记本电脑 K4e升级款风驰5 PRO X14旗舰锐龙7000系轻薄本商用办公学生网课设计手提本 X系丨新锐7000系 8G 512G 标配 16:10微框高清屏 26项稳定性严苛检测','https://img11.360buyimg.com/n7/jfs/t1/266800/30/7295/97776/67773b98Fca9762b7/b65e9d633e09827b.jpg.avif','0',2994.00,'0',0,0,54),(200,'   ThinkPad E14 联想笔记本电脑  14英寸可选2024标压酷睿Ultra AI全能轻薄本2.2K超清屏 商务办公 笔记本电脑  i3-1315U 16G内存 512G定制 超薄金属机身 独显级游戏','https://img10.360buyimg.com/n7/jfs/t1/226319/32/24418/1463852/67590cdfFdc3df421/087a9441447bfabf.png.avif','0',3676.00,'0',0,0,19),(201,' 联想 （Lenovo） 笔记本电脑 Pro级速3 15.6英寸13代14代酷睿i5i7商用办公轻薄设计游戏手提本 标配 i7-13620H 16G 1TB固态 wifi6 IPS全高清屏','https://img12.360buyimg.com/n7/jfs/t1/257360/6/7395/187090/67773bcbFe8b0f8f2/0be7c4112195d753.jpg.avif','0',4994.00,'0',0,0,54),(202,'  联想 （Lenovo） 笔记本电脑 Pro级速3 15.6英寸13代14代酷睿i5i7商用办公轻薄设计游戏手提本 定制 i7-13620H 24G 1TB固态 wifi6 IPS全高清屏','https://img13.360buyimg.com/n7/jfs/t1/237623/9/37994/187366/67773bcdFb3007004/dcb99a046229360b.jpg.avif','0',5294.00,'0',0,0,54),(203,' 联想 （Lenovo） 笔记本电脑 Pro级速3 15.6英寸13代14代酷睿i5i7商用办公轻薄设计游戏手提本 定制 i7-13620H 40G 1TB固态 wifi6 IPS全高清屏','https://img14.360buyimg.com/n7/jfs/t1/262267/7/7238/187471/67773bcfF5fdf493f/d07aab6fbbb588c3.jpg.avif','0',5594.00,'0',0,0,54),(204,'  联想笔记本电脑 V15 全新窄边框学生网课高性能轻薄本 15.6英寸家用商务办公手提 电脑  N4500 16G内存 1TB高速固态丨升级 满血高性能显卡 全高清防眩光屏  ','https://img10.360buyimg.com/n7/jfs/t1/228891/16/32167/112222/675a58cfF2fd97ddb/08715ca0ab16ec75.jpg.avif','0',2699.00,'0',0,0,84),(205,'    ThinkPad 联想 ThinkBook16+ 2024酷睿版高性能轻薄本 16英寸办公大学生设计游戏本 笔记本电脑 小新PRO16升级 TB16+ Ultra5 125H 32G 1TB 满血显卡 背光键','https://img13.360buyimg.com/n7/jfs/t1/90484/9/53755/80674/6711c166Fc7a36946/2f831599c4027f93.png.avif','0',5999.00,'0',0,0,4),(206,' 联想联想 拯救者Y7000P黑神话悟空游戏本4080 笔记本电脑 GTX4090显卡 联想 游戏套餐1 i7 32G 固态512G','https://img14.360buyimg.com/n7/jfs/t1/98957/2/53327/81974/67135ecfFf8b38ea1/517fdc0de89ccb94.jpg.avif','0',2123.00,'0',0,0,94),(207,'  联想 （Lenovo） 笔记本电脑 超速3 14/15.6轻薄本商用办公学生网课家用游戏娱乐直播推荐手提本 升级 新锐7000系 16G 512G 升级风刃散热 IPS微框全高清屏 带office','https://img12.360buyimg.com/n7/jfs/t1/263141/31/7200/116849/67773b9fF3d57ea94/d42fbec10d60fd66.jpg.avif','0',3094.00,'0',0,0,54),(208,'  联想 （Lenovo） 笔记本电脑 超速3 14/15.6轻薄本商用办公学生网课家用游戏娱乐直播推荐手提本 升级 新锐7000系 16G 512G 升级风刃散热 IPS微框全高清屏 带of ','https://img12.360buyimg.com/n7/jfs/t1/263141/31/7200/116849/67773b9fF3d57ea94/d42fbec10d60fd66.jpg.avif','0',3094.00,'0',0,0,54),(209,'  联想 小新Pro14 笔记本电脑  2024旗舰酷睿13代i7性能本 14英寸超轻薄扬天办公设计大学生游戏手提本 TB14 i5-13500H 32G 1TB固态 可选2.8K高清屏 120Hz 精装升级 ','https://img14.360buyimg.com/n7/jfs/t1/263752/27/6981/106686/677657b3Fd3a486ee/b8dfe7b12edcd2e9.jpg.avif','0',4799.00,'0',0,0,58),(210,'  联想 小新Pro14 笔记本电脑  2024旗舰酷睿13代i7性能本 14英寸超轻薄扬天办公设计大学生游戏手提本 TB14 i5-13500H 32G 1TB固态 可选2.8K高清屏 120Hz 精装升级 ','https://img14.360buyimg.com/n7/jfs/t1/263752/27/6981/106686/677657b3Fd3a486ee/b8dfe7b12edcd2e9.jpg.avif','0',4799.00,'0',0,0,58),(211,'  联想 小新Pro14 笔记本电脑  2024标压锐龙R7 AI超能轻薄本可选2.8K屏设计办公游戏学生扬天V手提本 R5-7430U 16G内存 1TB固态 X5 IPS全高清屏 金属机身 全新升级  ','https://img12.360buyimg.com/n7/jfs/t1/267871/3/7061/131999/6776b5acF9f478cd4/8f151979563b06da.jpg.avif','0',3289.00,'0',0,0,71),(212,'  联想 小新Pro14 笔记本电脑  2024全新标压酷睿i5设计办公游戏高性能本 14英寸学生手提扬天V超轻薄本 i5-13420H 16G内存 1TB固态V14 全新升级 IPS全高清屏 游戏 ','https://img13.360buyimg.com/n7/jfs/t1/262677/3/7141/139521/6776b62eF3d1dc597/60857283485f32f9.jpg.avif','0',3789.00,'0',0,0,71),(213,'  联想 小新Pro14 笔记本电脑  2024全新标压酷睿i5设计办公游戏高性能本 14英寸学生手提扬天V超轻薄本 i5-13420H 32G内存 1TB固态V14 全新升级 IPS全高清屏 游戏 ','https://img14.360buyimg.com/n7/jfs/t1/252465/2/8314/138407/6776b62fFdc579b07/5c79fe8a0656511b.jpg.avif','0',4189.00,'0',0,0,71),(214,'联想 拯救者y7000p 2024款游戏本 AIPC酷睿i7 满血RTX4060独显 大学生设计师高性能 笔记本电脑 可选 政府 补贴i7-13620H 满血显卡16+512丨X3 补贴购”16G+1T固态','https://img12.360buyimg.com/n7/jfs/t1/257362/3/7487/210406/6777530bF93adf168/b20f00268c1efb74.jpg.avif','0',4577.00,'0',0,0,22),(215,' 联想 ThinkPad（98%商务选择）二手 笔记本电脑  T480/T490 轻薄办公 绘图剪辑工程游戏 【八代炸场】95新T480 i5 16G 256G','https://img11.360buyimg.com/n7/jfs/t1/259711/30/3026/135125/676bc062F6205669f/e288c230530ff960.jpg.avif','0',1198.00,'0',0,0,45),(216,'  联想 小新Pro16 笔记本电脑  2024旗舰锐龙版 可选120Hz高刷AI超能本设计师办公游戏扬天V学生轻薄手提本 R7-8745H 16G内存 512固态 小新16 IPS全高清屏 独显级显 ','https://img12.360buyimg.com/n7/jfs/t1/261141/2/7188/129191/67775c17F49796cd3/12e3842d5544ed13.jpg.avif','0',4289.00,'0',0,0,71),(217,'  联想笔记本电脑  2024锐龙R7高性能商务办公本','https://img12.360buyimg.com/n7/jfs/t1/233304/22/27024/312078/6721fca1F013a6551/e7a0fa117f406569.png.avif','0',4099.00,'0',0,0,4),(218,'  联想笔记本电脑  酷睿高性能轻薄本 14/15.6商用办公大学生上网课买手力荐手提 电脑  昭阳金属本 新锐7000系 16G 512G 升级 FHD高清屏 防泼溅键盘 节能认证','https://img10.360buyimg.com/n7/jfs/t1/259979/28/7220/157738/67773bd5F2f266bde/fb3d39fc1ed3d634.jpg.avif','0',3094.00,'0',0,0,54),(219,'  联想笔记本电脑  酷睿高性能轻薄本 14/15.6商用办公大学生上网课买手力荐手提 电脑  昭阳金属本 新锐7000系 16G 512G 升级 FHD高清屏 防泼溅键盘 节能认证','https://img10.360buyimg.com/n7/jfs/t1/259979/28/7220/157738/67773bd5F2f266bde/fb3d39fc1ed3d634.jpg.avif','0',3094.00,'0',0,0,54),(220,'    ThinkPad 联想 Thinkbook 14+ 2024标压八核锐龙R7 AI性能本 14英寸窄边框设计办公商务学生游戏 笔记本电脑  V14 R5-7530U 16G内存 512G固态 可选3K超清屏 ','https://img11.360buyimg.com/n7/jfs/t1/267762/3/6984/169912/67765a25Fb0debe0a/2e287f232a42c092.jpg.avif','0',2999.00,'0',0,0,59),(221,'联想 拯救者y7000P 2024款满血独显 笔记本电脑  AIPC酷睿i7标压RTX4060电竞游戏本学生设计师高性能本 i7-13620H 旗舰标压 超速X3 补贴价*16G内存 1T固态【官方正 ','https://img13.360buyimg.com/n7/jfs/t1/268250/4/7341/204626/677757c8Fb4ad0643/edddd996b3ea23e0.jpg.avif','0',4597.00,'0',0,0,24),(222,' 联想 拯救者y7000P 2024款满血独显 笔记本电脑  AIPC酷睿i7标压RTX4060电竞游戏本学生设计师高性能本 i7-13620H 旗舰标压 超速X3 32G内存 1T固态【官方正品 支持 ','https://img10.360buyimg.com/n7/jfs/t1/268250/4/7341/204626/677757c8Fb4ad0643/edddd996b3ea23e0.jpg.avif','0',5099.00,'0',0,0,24),(223,'联想 拯救者y7000P 2024款满血独显 笔记本电脑  AIPC酷睿i7标压RTX4060电竞游戏本学生设计师高性能本 旗舰酷睿i7 专业独立显卡 E14 16G内存 512G固态【官方正 ','https://img12.360buyimg.com/n7/jfs/t1/256879/26/7826/179263/677757ceF6acf53bc/8d5298f623eb4e7d.jpg.avif','0',5488.00,'0',0,0,24),(224,'  联想 小新Pro14 笔记本电脑   2024旗舰八核锐龙R7性能本 14英寸窄边框轻薄本办公商务大学生游戏手提本 V14 R5-7530U 16G内存 1TB固态 可选2.8K超清屏 120HZ 精装升级','https://img11.360buyimg.com/n7/jfs/t1/268884/5/7017/85059/677658d0F9edd6783/cc6cde7bf1fd26db.jpg.avif','0',3499.00,'0',0,0,58),(225,'  联想 小新Pro14 笔记本电脑   2024旗舰八核锐龙R7性能本 14英寸窄边框轻薄本办公商务大学生游戏手提本 V14 R5-7530U 16G内存 1TB固态 可选2.8K超清屏 120HZ 精装升级','https://img11.360buyimg.com/n7/jfs/t1/268884/5/7017/85059/677658d0F9edd6783/cc6cde7bf1fd26db.jpg.avif','0',3499.00,'0',0,0,58),(226,'ThinkPad 笔记本电脑 Thinkbook 16+锐龙R7政府补贴AI超能本昭阳可选 高性能设计办公CAD制图学生游戏轻薄本 R5-7430U 16英寸旗舰 超速5 16G内存512G高速固态 定制','https://img13.360buyimg.com/n7/jfs/t1/267519/24/4016/193653/676e61fbFb7dd85de/7f19913994fb2b1e.jpg.avif','0',2899.20,'0',0,0,52),(227,'ThinkPad 笔记本电脑 Thinkbook 16+锐龙R7政府补贴AI超能本昭阳可选 高性能设计办公CAD制图学生游戏轻薄本 R5-7430U 16英寸旗舰 超速5 32G内存1TB高速固态 定制升','https://img10.360buyimg.com/n7/jfs/t1/267519/24/4016/193653/676e61fbFb7dd85de/7f19913994fb2b1e.jpg.avif','0',3499.20,'0',0,0,52),(228,'联想 拯救者Y9000PY7000P游戏本 笔记本电脑 4060独显学生电竞高性能轻薄 16GB+512GB【可定制】 R9000P R7-5800H/RTX3060 官方标配 展柜样机 支持验机','https://img14.360buyimg.com/n7/jfs/t1/165757/30/51247/188346/672c4859F105abed4/953e161362d58115.jpg.avif','0',4298.00,'0',0,0,90),(229,'  联想 拯救者R9000P 2024满血RTX4060独显电竞游戏 笔记本电脑 y 畅玩黑神话悟空r7000P可选 政府补贴款 R7-8745H 2.5k&amp;高清&amp;高刷 TB16 16G 1TB PCIE固态 ','https://img14.360buyimg.com/n7/jfs/t1/262357/36/6840/188046/677650bcFf0441ae5/782c52f157b6e060.jpg.avif','0',5399.00,'0',0,0,55),(230,' 联想 拯救者R7000 2024 电竞游戏 笔记本电脑 y P图设计师 4060/50可选 新旗舰标压锐龙R7-8745H 16G 512G 标配丨RTX4060 15.6英寸电竞屏｜100%sRGB高色域','https://img14.360buyimg.com/n7/jfs/t1/239750/11/27888/376344/67569391F91127e83/7981558efbfff006.png.avif','0',6288.00,'0',0,0,77),(231,'    ThinkPad 联想笔记本电脑 Thinkbook 16+ 2025政府补贴Ai超能旗舰锐龙R7轻薄商务办公学生游戏设计绘图手提 八核R7-8845H 16英寸 X系列Pro 16G 512G疾速固态 ','https://img13.360buyimg.com/n7/jfs/t1/263335/22/6976/158060/677648e5F914812d7/60ef3473c3f85008.jpg.avif','0',4399.20,'0',0,0,56),(232,' 联想笔记本电脑联想 ThinkPad T480 T490 T14轻薄办公14寸炒股游戏i5i7 T470-i5-8G+256G','https://img14.360buyimg.com/n7/jfs/t1/166765/38/50466/144116/673c5b8fF10fd4ea7/771d2911735a385e.png.avif','0',1246.23,'0',0,0,99),(233,'  联想笔记本电脑  2024新款锐龙R5 16/14高性能商务办公直播剪辑学生网课设计全能轻薄手提本 【新品】14英寸 R5-7430U 16G内存 512G固态 升级 旗舰标杆','https://img14.360buyimg.com/n7/jfs/t1/261460/26/7208/158951/67773895F988f93e5/1e1f4716c043e850.jpg.avif','0',3044.00,'0',0,0,54),(234,'  联想笔记本电脑  2024新款锐龙R5 16/14高性能商务办公直播剪辑学生网课设计全能轻薄手提本 【新品】14英寸 R5-7430U 16G内存 1TB大固态 升级 疾速运行','https://img10.360buyimg.com/n7/jfs/t1/261460/26/7208/158951/67773895F988f93e5/1e1f4716c043e850.jpg.avif','0',3344.00,'0',0,0,54),(235,'  联想笔记本电脑  2024新款锐龙R5 16/14高性能商务办公直播剪辑学生网课设计全能轻薄手提本 【新品】16英寸 R5-7430U 8G内存 512G固态 官方标配','https://img14.360buyimg.com/n7/jfs/t1/261202/21/7291/159272/677738afFbea07714/1fd685487ccf6f58.jpg.avif','0',2994.00,'0',0,0,54),(236,'  联想笔记本电脑  2024新款锐龙R5 16/14高性能商务办公直播剪辑学生网课设计全能轻薄手提本 【新品】16英寸 R5-7430U 16G内存 512G固态 升级 旗舰标杆','https://img10.360buyimg.com/n7/jfs/t1/261202/21/7291/159272/677738afFbea07714/1fd685487ccf6f58.jpg.avif','0',3094.00,'0',0,0,54),(237,'  联想笔记本电脑  2024 新款 锐龙R5 16/14高性能商务办公直播剪辑学生网课设计全能轻薄手提本 【 新品 】16英寸 R5-7430U 16G内存 512G固态 升级 旗舰标杆','https://img10.360buyimg.com/n7/jfs/t1/261202/21/7291/159272/677738afFbea07714/1fd685487ccf6f58.jpg.avif','0',3094.00,'0',0,0,54),(238,'  联想笔记本电脑  2024新款锐龙R5 16/14高性能商务办公直播剪辑学生网课设计全能轻薄手提本 【新品】16英寸 R5-7430U 16G内存 1TB大固态 升级 疾速运行','https://img11.360buyimg.com/n7/jfs/t1/261202/21/7291/159272/677738afFbea07714/1fd685487ccf6f58.jpg.avif','0',3394.00,'0',0,0,54),(239,'  联想笔记本电脑  2024新款锐龙R5 16/14高性能商务办公直播剪辑学生网课设计全能轻薄手提本 【新品】16英寸 R5-7430U 24G内存 512G固态 升级 大容存储','https://img12.360buyimg.com/n7/jfs/t1/261202/21/7291/159272/677738afFbea07714/1fd685487ccf6f58.jpg.avif','0',3394.00,'0',0,0,54),(240,'  联想笔记本电脑  2024新款锐龙R5 16/14高性能商务办公直播剪辑学生网课设计全能轻薄手提本 【新品】16英寸 R5-7430U 24G内存 1TB大固态 升级 买手力荐','https://img13.360buyimg.com/n7/jfs/t1/261202/21/7291/159272/677738afFbea07714/1fd685487ccf6f58.jpg.avif','0',3694.00,'0',0,0,54),(241,'  联想笔记本电脑  2024新款锐龙R5 16/14高性能商务办公直播剪辑学生网课设计全能轻薄手提本 【新品】16英寸 R5-7430U 32G内存 1TB大固态 定制 性价高配','https://img14.360buyimg.com/n7/jfs/t1/261202/21/7291/159272/677738afFbea07714/1fd685487ccf6f58.jpg.avif','0',3994.00,'0',0,0,54),(242,' 联想 小新14 笔记本电脑 政府补贴20 电脑 可选异能者 14英寸轻薄女大学生办公手提 电脑 【定制】 N100 8G+256G固态 P14H','https://img13.360buyimg.com/n7/jfs/t1/234774/29/36922/120139/675feec3F380a477d/12d11daeed12ac97.jpg.avif','0',2099.00,'0',0,0,86),(243,'  联想 小新14 笔记本电脑 政府补贴20 电脑 可选异能者 14英寸轻薄女大学生办公手提 电脑 【定制】 热销 N100 16G+512G固态 P14H','https://img10.360buyimg.com/n7/jfs/t1/224287/2/27613/120203/675feec6F4f07577d/b50cfe898a65cd97.jpg.avif','0',2399.00,'0',0,0,86),(244,'    ThinkPad【政府补贴20% 电脑 】 联想 Thinkbook14 英特尔酷睿i5+ 14英寸轻薄商务办公 笔记本电脑  i5-13500H 16G内存 512G固态 标配','https://img13.360buyimg.com/n7/jfs/t1/220519/22/51687/159630/6752b511Fc0b7ce55/87ae48fd9e939055.jpg.avif','0',4288.00,'0',0,0,3),(245,'  联想 小新Pro14 笔记本电脑 可选异能者系列女大学网课直播超轻薄手提 电脑 【定制】 N100 16G内存 512G固态 P14H','https://img10.360buyimg.com/n7/jfs/t1/259962/30/2027/99712/676924b4F9975d1be/25cd549e23cc4d0f.jpg.avif','0',2399.00,'0',0,0,98),(246,'  联想 小新Air14轻薄 笔记本电脑  2024可选酷睿i7版AI女大学生办公设计娱乐游戏本可选异能者系列【定制】 新品 N100 32G+512G固态 P14H 支持WiFi 蓝牙  含office ','https://img13.360buyimg.com/n7/jfs/t1/252357/3/5308/119268/676e78d4F2f49b64b/285de83b22779f49.jpg.avif','0',2669.00,'0',0,0,86),(247,'联想 小新Air14轻薄 笔记本电脑  2024可选酷睿i7版AI女大学生办公设计娱乐游戏本可选异能者系列【定制】 新品 N100 32G+1T固态 P14H 支持WiFi 蓝牙  含office办 ','https://img14.360buyimg.com/n7/jfs/t1/258600/32/4213/119541/676e78d5Fc7a51e18/e1c727cd12ae23a5.jpg.avif','0',2858.00,'0',0,0,86),(248,'   LENOVO 联想 小新Pro14 笔记本电脑 政府补贴20％可选生态异能者系列轻薄女大学生网课商务办公手提 电脑  定制 高配版 N100 32G+512G固态-P14H','https://img11.360buyimg.com/n7/jfs/t1/265325/10/1894/104993/6768fc84F1d7743e7/8c0b6505b0983cc4.jpg.avif','0',2599.00,'0',0,0,97),(249,'   LENOVO 联想 小新Pro14 笔记本电脑 政府补贴20％可选生态异能者系列轻薄女大学生网课商务办公手提 电脑  定制 高配版 N100 32G+512G固态-P14H','https://img11.360buyimg.com/n7/jfs/t1/265325/10/1894/104993/6768fc84F1d7743e7/8c0b6505b0983cc4.jpg.avif','0',2599.00,'0',0,0,97),(250,'   LENOVO 联想 小新Pro14 笔记本电脑 政府补贴20％可选生态异能者系列轻薄女大学生网课商务办公手提 电脑  定制 高配版 N100 32G+512G固态-P14H','https://img11.360buyimg.com/n7/jfs/t1/265325/10/1894/104993/6768fc84F1d7743e7/8c0b6505b0983cc4.jpg.avif','0',2599.00,'0',0,0,97),(251,' 联想 小新pro16 笔记本电脑  2024+旗舰锐龙R7轻薄商务全能本可选 大学生办公制图游戏设计手提 笔记本电脑  R7-8845H 32G 1TB固态|定制 独显级显卡 高清护眼屏  ','https://img11.360buyimg.com/n7/jfs/t1/231799/23/31566/136283/6758101cF79450c9f/a97237cdb754a3fa.jpg.avif','0',4996.00,'0',0,0,19),(252,' 联想 拯救者Y9000P 2024满血独显游戏 笔记本电脑 14代标压i9/高性能G5000可选商务办公学生 电脑 超级补贴 RTX4060独显i7-13650H G5000 16G+1TB PCIE固态 全新','https://img12.360buyimg.com/n7/jfs/t1/262188/7/6922/176795/677650beF2fcb3281/66a34f0e955c3a2a.jpg.avif','0',7799.00,'0',0,0,55),(253,'  联想 （Lenovo）小新14 笔记本电脑 政府补贴20 电脑 可选异能者 14英寸轻薄女大学生办公手提 电脑 【定制】 热销 N100 16G+512G固态 P14H','https://img14.360buyimg.com/n7/jfs/t1/231666/6/39037/99539/676619b2F93701d7c/215e590b403044d4.jpg.avif','0',2369.00,'0',0,0,100),(254,'  联想 （Lenovo）小新14 笔记本电脑 政府补贴20 电脑 可选异能者 14英寸轻薄女大学生办公手提 电脑 【定制】 热销  N100 16G+512G固态 P14H','https://img14.360buyimg.com/n7/jfs/t1/231666/6/39037/99539/676619b2F93701d7c/215e590b403044d4.jpg.avif','0',2369.00,'0',0,0,100),(255,'  联想 小新Pro16 笔记本电脑  2024旗舰锐龙版 可选120Hz高刷AI超能本设计师办公游戏扬天V学生轻薄手提本 R5-7430U 16G内存 512G固态 V15 IPS全高清屏 独显级显卡  ','https://img12.360buyimg.com/n7/jfs/t1/265308/21/7173/129558/67775c24F59e29371/c83f2abe9978d70c.jpg.avif','0',3089.00,'0',0,0,71),(256,' 联想 Thinkbook14+/16 笔记本电脑 2024轻薄便捷学生设计办公游戏商务本 14S：i5-8265U/8+256G独显 官方标配|内存硬盘可升级定制 柜台样机|支持验机','https://img12.360buyimg.com/n7/jfs/t1/239044/22/17860/108793/674ea89bF1158cb37/08ab96f740eebc44.png.avif','0',1599.00,'0',0,0,30),(257,' 联想 Thinkbook14+/16 笔记本电脑 2024轻薄便捷学生设计办公游戏商务本 14：i5-1135G7/16+512G独显 官方标配|内存硬盘可升级定制 柜台样机|支持验机','https://img14.360buyimg.com/n7/jfs/t1/239044/22/17860/108793/674ea89bF1158cb37/08ab96f740eebc44.png.avif','0',2199.00,'0',0,0,30),(258,'  联想 小新14 笔记本电脑 轻薄本14英寸女大学生设计剪辑直播手提 电脑 可选异能者新品 新品 N100 16G+512G固态 P14H 支持WiFi 蓝牙 送office','https://img12.360buyimg.com/n7/jfs/t1/223648/37/51852/108426/674fb373Fb93d8df9/1f58dcaab1b50494.jpg.avif','0',2399.00,'0',0,0,41),(259,'  联想 小新Air/Pro14/16轻薄便携商务办公设计学生2024游戏独显 笔记本 电 Air14：R5-3500U/12+512 官方标配|可升级内存硬盘 柜台样机|支持验机','https://img10.360buyimg.com/n7/jfs/t1/189989/3/54209/118680/67500b85F6bdf136a/0d76d6331c3cc2e8.png.avif','0',1799.00,'0',0,0,30),(260,'    ThinkPad 联想 ThinkBook14+ 2024标压酷睿版轻薄超能本可选3K屏设计师办公游戏学生 笔记本电脑 小新PRO14升级 i5-13420H 16G内存 512G固态V14 全新升级 游戏性','https://img13.360buyimg.com/n7/jfs/t1/262232/1/7088/102282/6776b541Fbefff8e5/123b1d125cfe28c9.jpg.avif','0',3499.00,'0',0,0,7),(261,'    ThinkPad 联想 ThinkBook14+ 2024标压酷睿版轻薄超能本可选3K屏设计师办公游戏学生 笔记本电脑 小新PRO14升级 i5-13420H 16G内存 1TB固态V14 全新升级 游戏性能','https://img14.360buyimg.com/n7/jfs/t1/262855/38/7111/102330/6776b542Fd3b3884b/32c0585ab44a983a.jpg.avif','0',3799.00,'0',0,0,7),(262,'    ThinkPad 联想 ThinkBook14+ 2024标压酷睿版轻薄超能本可选3K屏设计师办公游戏学生 笔记本电脑 小新PRO14升级 i5-13420H 32G内存 1TB固态V14 全新升级 游戏性能','https://img10.360buyimg.com/n7/jfs/t1/258399/39/7254/100985/6776b544Fe6a19fac/0a0b1c392971a39a.jpg.avif','0',4199.00,'0',0,0,7),(263,'   ThinkPad 联想 ThinkBook14+ 2024标压酷睿版轻薄超能本可选3K屏设计师办公游戏学生 笔记本电脑 小新PRO14升级 Ultra5 32G内存 1TB固态 TB14 全新升级 游戏性能显','https://img12.360buyimg.com/n7/jfs/t1/252985/32/8163/131542/6776b546Fda53a79f/9bb9fe08aed24c9a.jpg.avif','0',5299.00,'0',0,0,7),(264,'    ThinkPadThinkBook16+ 联想笔记本电脑 2024锐龙R7高性能轻薄本昭阳商务办公大学生游戏买手力荐设计师手提本 16英寸丨昭阳风驰 R5-7430U 16G内存 512G固态 定制','https://img14.360buyimg.com/n7/jfs/t1/266406/13/7305/167528/67774d3bF782ca673/7489e59d0d56142e.jpg.avif','0',2999.00,'0',0,0,51),(265,'    ThinkPad 联想 ThinkBook 14+ 2024 酷睿标压高性能轻薄便携学生设计办公游戏 笔记本电脑  旗舰升级款 i5-13500H 16G内存 1T固态','https://img10.360buyimg.com/n7/jfs/t1/240236/18/20889/148626/67590414Fc7bdd905/b3cb211dfb9ddcb1.png.avif','0',4479.00,'0',0,0,16),(266,'联想 小新pro16 笔记 电脑 超能本政府补贴 全能本昭阳16英寸超轻薄高性能商务办公大学生游戏网课手提本 升级R5-7430U 32G 1TB固态昭阳X5 大屏低蓝光护眼 Wi ','https://img10.360buyimg.com/n7/jfs/t1/262838/7/6498/159327/6776673cFed66017d/b9266ea9c04316c9.jpg.avif','0',3499.20,'0',0,0,65),(267,'    ThinkPad 联想 ThinkBook 14+ 2024 Ultra9 AI全能本可选 14英寸轻薄商务办公 大学生游戏设计手提 笔记本电脑  I5-13420H 16GB 1TB | V升级 独显级显卡','https://img13.360buyimg.com/n7/jfs/t1/250422/32/32694/74762/676230fdF8c4b729e/e62077513102e87c.png.avif','0',3799.00,'0',0,0,21),(268,'    ThinkPad 联想 ThinkBook 14+ 2024 Ultra9 AI全能本可选 14英寸轻薄商务办公 大学生游戏设计手提 笔记本电脑  14 I5-13500H 32G内存 1T固态 独显级显卡 ','https://img12.360buyimg.com/n7/jfs/t1/230565/28/38222/111276/676231e5Ffd5ce74c/1229a5caeb11c18b.png.avif','0',4699.00,'0',0,0,21),(269,'  联想 小新Pro14 笔记本电脑   2024可选酷睿i7高性能超轻薄本 设计扬天v办公大学生游戏本air14异能者可选 N100 8G内存 512G高速固态 IPS全高清屏 满血性能显卡 ','https://img11.360buyimg.com/n7/jfs/t1/263571/40/7316/102829/67776205Fe10c7506/7cbef3b7612cd77a.jpg.avif','0',2069.00,'0',0,0,58),(270,'  联想 小新Pro14 笔记本电脑   2024可选酷睿i7高性能超轻薄本 设计扬天v办公大学生游戏本air14异能者可选 N100 16G内存 512G高速固态 IPS全高清屏 满血性能显 ','https://img12.360buyimg.com/n7/jfs/t1/255882/27/7348/84228/67776206Fa45d9a59/e4cdda884e5940aa.jpg.avif','0',2369.00,'0',0,0,58),(271,' 联想 小新Pro14 笔记本电脑   2024可选酷睿i7高性能超轻薄本 设计扬天v办公大学生游戏本air14异能者可选 N100 16G内存 1TB高速固态 IPS全高清屏 满血性能显卡 ','https://img13.360buyimg.com/n7/jfs/t1/268554/29/7289/84016/67776208Ffac2edf7/846582937cc5129d.jpg.avif','0',2569.00,'0',0,0,58),(272,'   ThinkPad 联想 ThinkBook14+ 2024酷睿Ultra9可选AI超能本 轻薄学生设计办公游戏手提 笔记本电脑 可选异能者 N100 16G内存 1T高速固态 可选 游戏级显卡 防眩光高清 ','https://img14.360buyimg.com/n7/jfs/t1/265050/23/7296/145969/677747e0F78e58c6e/ec1a3c40d1934c9a.jpg.avif','0',2589.00,'0',0,0,59),(273,'  联想 小新Pro16 笔记本电脑  可选2024酷睿Ultra9AI超能本  超轻薄扬天办公商务设计大学生游戏手提本 i5-13420H 16G 512G固态V15 可选2.5K屏 120Hz 精装升级 W','https://img14.360buyimg.com/n7/jfs/t1/263519/38/6967/129414/677657f3Fca7a7e6e/536a429a9e81b48e.jpg.avif','0',3499.00,'0',0,0,58),(274,'    ThinkPad 联想 ThinkBook 16+ 2024英特尔全新酷睿可选 16英寸轻薄办公大学生设计游戏 联想笔记本电脑  i7-13620H 32G内存 1TB固态X 个性定制 全新升级 独显级游戏显','https://img13.360buyimg.com/n7/jfs/t1/235678/8/35214/166647/676280baF7a6b1dbd/724dd3e247faef87.jpg.avif','0',4869.00,'0',0,0,6),(275,'  联想 拯救者Y9000X 2024冰魄白AIPC Evo酷睿i9标压 RTX4070独显游戏本轻薄便携编程建模X7 笔记本电脑  i9-13900H标压 32G-512G十四核X7 指纹识别+高色域高刷屏+','https://img13.360buyimg.com/n7/jfs/t1/258864/39/7353/183581/677757c7F3345b1f1/7226f8cf5982fa48.jpg.avif','0',6199.00,'0',0,0,24),(276,'  联想 拯救者Y9000X 2024冰魄白AIPC Evo酷睿i9标压 RTX4070独显游戏本轻薄便携编程建模X7 笔记本电脑  i9-13900H标压 32G-1TB十四核X7 指纹识别+高色域高刷屏+背','https://img14.360buyimg.com/n7/jfs/t1/254945/7/8390/183285/677757c9Faebd6ff3/6616422988e4d304.jpg.avif','0',6499.00,'0',0,0,24),(277,'联想 拯救者Y7000P 2024款政府补贴RTX4060满血独显电竞游戏 笔记本电脑  旗舰标压i7商务办公设计全能本 旗舰酷睿i7 专业独立显卡 E14 补贴价*16G内存 1T固态 ','https://img10.360buyimg.com/n7/jfs/t1/267258/39/5512/165952/677268c3Fb609c9b9/346ba40094696a8c.jpg.avif','0',5898.40,'0',0,0,102),(278,'联想 小新Pro16 2024款可选 轻薄 笔记本电脑  AI超能本 政府办公学习店铺补贴 R7-8745H 16G 512G标配｜小新16 16英寸','https://img13.360buyimg.com/n7/jfs/t1/265905/31/2375/223297/676a2413F377b2f4d/fabb83b975e3a799.png.avif','0',4088.00,'0',0,0,77),(279,' ThinkPad 联想笔记本电脑 Thinkbook 16+ 2025政府补贴Ai超能旗舰锐龙R7轻薄商务办公学生游戏设计绘图手提 六核R5-7430U 16英寸 X系列Pro 16G 1TB疾速固态 全','https://img12.360buyimg.com/n7/jfs/t1/261937/40/7026/156882/677648e0F28bc42bf/259f2e8f1ed4723c.jpg.avif','0',3099.20,'0',0,0,56),(280,'ThinkPad 联想笔记本电脑 Thinkbook 16+ 2025政府补贴Ai超能旗舰锐龙R7轻薄商务办公学生游戏设计绘图手提 六核R5-7430U 16英寸 X系列Pro 32G 1TB疾速固态 全','https://img13.360buyimg.com/n7/jfs/t1/261937/40/7026/156882/677648e0F28bc42bf/259f2e8f1ed4723c.jpg.avif','0',3499.20,'0',0,0,56),(281,' ThinkPad 联想笔记本电脑 Thinkbook 16+ 2025政府补贴Ai超能旗舰锐龙R7轻薄商务办公学生游戏设计绘图手提 八核R7-8845H 16英寸 X系列Pro 32G 1TB疾速固态 全','https://img14.360buyimg.com/n7/jfs/t1/263335/22/6976/158060/677648e5F914812d7/60ef3473c3f85008.jpg.avif','0',5099.20,'0',0,0,56),(282,'   thinkpad 联想 thinkbook13x s2高性能可选酷睿轻薄本商务办公学生设计师女生手提便携 笔记本电脑 补贴本 i7-1160g7 高分高色域| 13x 超级补贴款：升级定制16g-1t ','https://img11.360buyimg.com/n7/jfs/t1/264940/27/6879/138037/67765094F2813c450/bd9c02de4d76566c.jpg.avif','0',4999.00,'0',0,0,55),(283,' 联想 拯救者Y9000P 2024款政府补贴电竞游戏 笔记本电脑 RTX4060满血独显 大学生商务办公设计渲染全能本 i9-13900H 标压2.5K屏超清屏|X7 32G内存 1T固态【官方正 ','https://img10.360buyimg.com/n7/jfs/t1/253491/33/6220/178950/677236c8F2fb21ff0/e27475d63f114341.jpg.avif','0',6599.00,'0',0,0,102),(284,' 联想 小新Pro14升级版 笔记本电脑  2024+全新英特尔处理器高性能异能者可选 大学生办公游戏设计轻薄本 新品N100 16G内存 512G固态 P14H 精装升级 IPS高清屏  ','https://img13.360buyimg.com/n7/jfs/t1/256857/5/3883/439301/676d0974F0b7556d3/ee9246937b65a74e.png.avif','0',2368.00,'0',0,0,19),(285,' 联想笔记本电脑 V15 全新英特尔窄边框学生网课轻薄本 15.6英寸家用商务办公手提 电脑  N4500 16G内存 1T高速固态丨升级 满血高性能显卡 全高清防眩光屏  ','https://img12.360buyimg.com/n7/jfs/t1/260385/6/5292/134323/67720297Fe635a34f/08fa396f30dd6468.jpg.avif','0',2799.00,'0',0,0,61),(286,' 联想 （lenovo）全国产化昭阳N4620Z P 笔记本电脑  8G+512G 支持win10系统 指纹安全登录14英寸 笔记本电脑 ','https://img13.360buyimg.com/n7/jfs/t1/174817/15/44914/45745/667128feFcc440e82/5d9e4da18ca5f840.png.avif','0',5487.00,'0',0,0,32),(287,' 联想 （lenovo）全国产化昭阳N4620Z P 笔记本电脑  8G+512G 支持win10系统 指纹安全登录14英寸 笔记本电脑 ','https://img13.360buyimg.com/n7/jfs/t1/174817/15/44914/45745/667128feFcc440e82/5d9e4da18ca5f840.png.avif','0',5487.00,'0',0,0,32),(288,' 联想 （lenovo）全国产化昭阳N4620Z P 笔记本电脑  8G+512G 支持win10系统 指纹安全登录14英寸 笔记本电脑 ','https://img13.360buyimg.com/n7/jfs/t1/174817/15/44914/45745/667128feFcc440e82/5d9e4da18ca5f840.png.avif','0',5487.00,'0',0,0,32),(289,' 联想笔记本电脑  小新Pro14轻薄本 英特尔Evo 14英寸超能本(标压i5 16G 512G 2.8K高刷屏)银','https://img10.360buyimg.com/n7/jfs/t1/264556/22/6923/81003/6776110bF9c0ed9ac/d101aff6516694d4.jpg.avif','0',3999.00,'0',0,0,64),(290,'   ThinkPad T14p 联想 14英寸高性能标压工程师本 笔记本电脑  13代酷睿i9-13900H 32G 1TB 2.2K 商务办公本','https://img13.360buyimg.com/n7/jfs/t1/262033/19/6935/142091/67761d64F9ccee589/04d1416432a3aac6.jpg.avif','0',8499.00,'0',0,0,14),(291,' 联想笔记本电脑 小新Pro14超能本 高性能标压酷睿i5 14英寸轻薄本 1T硬盘大内存 2.8K 120Hz高刷屏','https://img12.360buyimg.com/n7/jfs/t1/258768/19/6923/113646/6776267dF05c0a989/f562438c35dcd344.jpg.avif','0',4899.00,'0',0,0,64),(292,' 联想笔记本电脑 小新Pro16超能本 高性能标压酷睿i5 16英寸轻薄本 16G 1T 2.5K高刷护眼屏 灰 游戏办公','https://img10.360buyimg.com/n7/jfs/t1/268606/20/6799/121635/67762754F29230a60/ffc237de96b8647b.jpg.avif','0',5099.00,'0',0,0,64),(293,' 联想笔记本电脑 小新14超薄本 高性能标压英特尔酷睿i5 14英寸轻薄本 16G 512G防眩光屏 灰 办公学生','https://img10.360buyimg.com/n7/jfs/t1/262451/24/6509/106366/67754cb9Fcc8139bb/66dd9f73fade6f61.jpg.avif','0',3599.00,'0',0,0,64),(294,'   ThinkPad T14 联想 14英寸轻薄便携工程师 笔记本电脑 (13代酷睿i5-1340P 16G 512G 2.2K vPro)商务办公本','https://img11.360buyimg.com/n7/jfs/t1/265428/20/6744/176397/67761c0dF931a2ca1/0cd739bb7bbbfb6d.jpg.avif','0',7899.00,'0',0,0,14),(295,' 联想笔记本电脑 高性能标压轻薄本 全面屏商务办公设计渲染学生游戏本 i7-13700H/16G/512G/2.5K/OFFICE','https://img12.360buyimg.com/n7/jfs/t1/253937/30/4083/125563/676ba7f5Fa67472fc/4f2abd3ba7f40890.jpg.avif','0',5599.00,'0',0,0,49),(296,'   ThinkPad 联想 ThinkBook 14 英特尔酷睿i5 14英寸轻薄办公 笔记本电脑 13代i5-13500H 16G 1T 2.2K 莱茵认证','https://img14.360buyimg.com/n7/jfs/t1/253951/28/7651/164724/6776178bF93dc7cb7/cf1dd2b7045bccb3.jpg.avif','0',4449.00,'0',0,0,14),(297,'   ThinkPad 联想笔记本电脑 ThinkBook 14+ 英特尔Evo 14英寸轻薄办公本 13代i7-13700H 32G 1T 2.8K 90Hz','https://img11.360buyimg.com/n7/jfs/t1/268441/15/6696/167750/6776126bF77cd8d8c/746fb91a8c02a823.jpg.avif','0',6899.00,'0',0,0,14),(298,' 联想笔记本电脑 昭阳青春版轻薄本英特尔酷睿i5 15.6英寸超大屏幕高性能i5 16G 512G商务办公学生office','https://img13.360buyimg.com/n7/jfs/t1/259644/11/6814/314548/67764a50F6cfeb94f/c918b219e4727883.png.avif','0',3294.00,'0',0,0,69),(299,'   ThinkPad 联想 ThinkBook 14 英特尔酷睿i7 14英寸便携轻薄办公 笔记本电脑 13代i7-13700H 16G 1T 2.2K 高色域','https://img11.360buyimg.com/n7/jfs/t1/263938/10/6757/157830/677617cfF99b03dae/28ce8d991ce6c971.jpg.avif','0',5999.00,'0',0,0,14),(300,'   ThinkPad 联想 ThinkBook 16 英特尔酷睿i5 16英寸便携轻薄办公 笔记本电脑 13代i5-13500H 16G 1T 2.5K 高色域','https://img12.360buyimg.com/n7/jfs/t1/254371/26/7705/133460/6776180fF5328432c/58620ed729d5280b.jpg.avif','0',4999.00,'0',0,0,14),(301,' 联想笔记本电脑 昭阳高能版16英寸高色域轻薄设计师游戏本13代酷睿   i7-13700H 32G 1TSSD银色 2.5K','https://img14.360buyimg.com/n7/jfs/t1/263714/40/6922/331635/67764e0bF8fb93e37/c255890bc08b5443.png.avif','0',6194.00,'0',0,0,69),(302,'   ThinkPad 联想 E14 笔记本电脑  14英寸便携商务办公学生轻薄本 酷睿i5-13500H 16G 1T 2.2K 100%sRGB 银色','https://img11.360buyimg.com/n7/jfs/t1/268825/3/6863/188080/6776283bF2993a561/4043099c30809de5.jpg.avif','0',4699.00,'0',0,0,14),(303,'   ThinkPad 联想 E14 笔记本电脑  14英寸便携商务办公学生轻薄本 酷睿i5-13500H 32G 1T 2.2K 100%sRGB 银色','https://img14.360buyimg.com/n7/jfs/t1/263465/12/6817/192115/67762885F8fdbc1f6/b395747889a0e048.jpg.avif','0',5499.00,'0',0,0,14),(304,' 联想笔记本电脑 小新Pro16 2024 高性能标压酷睿Ultra5 16英寸AI轻薄本 16G 1T 2.5K高刷护眼屏 游戏','https://img12.360buyimg.com/n7/jfs/t1/263295/6/6557/117081/6775373dF2b779f6b/808dd737e6eb87b2.jpg.avif','0',5699.00,'0',0,0,64),(305,' 联想笔记本电脑 YOGA Pro14s高能轻盈本 高性能标压锐龙R7 14.5英寸轻薄本 16G 1T 3K高刷屏灰 商务设计','https://img12.360buyimg.com/n7/jfs/t1/253802/17/7542/106091/67754feaF9e84536b/796d27781f294aec.jpg.avif','0',5699.00,'0',0,0,64),(306,' 联想笔记本电脑 小新Pro16 2024 AI超能本 高性能标压酷睿Ultra5 16英寸轻薄本 32G 1T 2.5K屏 游戏 灰','https://img10.360buyimg.com/n7/jfs/t1/258868/3/6559/88295/67755941F1418f00e/4e8bb459c8a8c134.jpg.avif','0',5999.00,'0',0,0,64),(307,' 联想笔记本电脑 小新Pro16 2024 AI超能本 高性能标压酷睿Ultra5 16英寸轻薄本 32G 1T 2.5K屏 游戏 灰','https://img10.360buyimg.com/n7/jfs/t1/265220/37/7035/95432/677671d9F0c7771da/1193059bd6bce49b.jpg.avif','0',5999.00,'0',0,0,64),(308,' 联想笔记本电脑 小新Pro16 2024 AI超能本 高性能标压酷睿Ultra5 16英寸轻薄本 32G 1T 2.5K屏 游戏 灰','https://img10.360buyimg.com/n7/jfs/t1/265220/37/7035/95432/677671d9F0c7771da/1193059bd6bce49b.jpg.avif','0',5999.00,'0',0,0,64),(309,' 联想 （Lenovo）畅玩 黑神话悟空官方合作 拯救者Y7000P 游戏 笔记本电脑  14代i7-14650HX 16G 1T RTX4050 2.5K屏','https://img12.360buyimg.com/n7/jfs/t1/259559/7/6627/151977/67754744Fb74360bc/9f02c282aef2a87e.jpg.avif','0',7999.00,'0',0,0,64),(310,'   ThinkPad 联想笔记本电脑 ThinkBook 16+ 2024 AI全能本 英特尔酷睿Ultra7 155H 16英寸 32G 1T 2.5K 120Hz','https://img12.360buyimg.com/n7/jfs/t1/252848/25/8058/164975/6776aadaF80b8ac4e/c1c11c670d7ab6db.jpg.avif','0',7299.00,'0',0,0,14),(311,'   ThinkPad 联想笔记本电脑 ThinkBook 16+ 2024 AI全能本 英特尔酷睿Ultra5 125H 16英寸 32G 1T 2.5K 120Hz','https://img13.360buyimg.com/n7/jfs/t1/264039/7/7056/162951/6776aadaFae848308/dd2160bfb9b98473.jpg.avif','0',6299.00,'0',0,0,14),(312,' 联想 【国家补贴20%】 笔记本电脑 小新15超薄本 高性能标压酷睿i5 15.3英寸轻薄本 16G 512G 高色域屏 紫','https://img10.360buyimg.com/n7/jfs/t1/256102/10/7587/106084/677534c5Fe724ade3/1c937b3de19c6948.jpg.avif','0',3999.00,'0',0,0,64),(313,' 联想笔记本电脑 小新Pro14 2024 高性能标压酷睿Ultra5 14英寸AI轻薄本 32G 1T 2.8K OLED高刷屏 游戏','https://img14.360buyimg.com/n7/jfs/t1/253377/1/7770/115984/677535c0F0dcb2cb8/68a8d5a5737f4610.jpg.avif','0',5999.00,'0',0,0,64),(314,' 联想 （Lenovo）畅玩 黑神话悟空官方合作 拯救者Y7000P 游戏 笔记本电脑 14代i7-14650HX 16G 1T RTX4060 2.5K屏','https://img12.360buyimg.com/n7/jfs/t1/268402/31/6577/162531/677540a8Fdaa5d09e/2fe9d628fd011282.jpg.avif','0',8699.00,'0',0,0,64),(315,'   ThinkPad 联想笔记本电脑 ThinkBook 14+ 2024 锐龙版 AI全能本 R7-8845H 14.5英寸 32G 1T 3K 高刷屏办公','https://img11.360buyimg.com/n7/jfs/t1/267526/26/6893/148316/6776156eF3e113567/723dad59c9a742ca.jpg.avif','0',5999.00,'0',0,0,14),(316,'   ThinkPad 联想笔记本电脑 ThinkBook 16+ 2024 锐龙版 AI全能本 R7-8845H 16英寸 32G 1T 2.5K 高刷屏办公','https://img11.360buyimg.com/n7/jfs/t1/260869/35/6844/168675/67761639F144a38e4/0339ae434fb89325.jpg.avif','0',6299.00,'0',0,0,14),(317,'   ThinkPad 联想笔记本电脑 ThinkBook 14 2024英特尔Evo认证酷睿Ultra5 125H 14英寸16G 1T 2.8K AI高刷屏办公','https://img14.360buyimg.com/n7/jfs/t1/259491/15/7034/158841/6776aad9F3d5e1033/6ab222d54d86369c.jpg.avif','0',4999.00,'0',0,0,14),(318,'   ThinkPad 联想笔记本电脑 ThinkBook 14+ 2024 AI全能本 英特尔酷睿Ultra7 155H 14.5英寸 32G 1T 3K 120Hz','https://img11.360buyimg.com/n7/jfs/t1/257034/13/7543/169162/6776aad8F10b04aa1/8d1c0ac833795878.jpg.avif','0',7299.00,'0',0,0,14),(319,'   ThinkPad 联想笔记本电脑 ThinkBook 14+ 2024 AI全能本 英特尔酷睿Ultra5 125H 14.5英寸 32G 1T 3K 120Hz','https://img12.360buyimg.com/n7/jfs/t1/268863/22/7092/176580/6776aad7Fdcbc3443/d9b7cb24f526742a.jpg.avif','0',6299.00,'0',0,0,14),(320,' 联想笔记本电脑 小新15超薄本 高性能标压英特尔酷睿i5 15.3英寸轻薄本 16G 512G 高色域护眼屏 银 办公','https://img13.360buyimg.com/n7/jfs/t1/268111/6/6625/104599/6775342bF630c74bb/1ef86aaddacbe092.jpg.avif','0',3899.00,'0',0,0,64),(321,' 联想笔记本电脑 小新14超薄本 高性能标压酷睿i5 14英寸轻薄本 16G 512G 高色域护眼屏 银 办公学生商务','https://img12.360buyimg.com/n7/jfs/t1/260489/3/6562/107211/677533eeFae4abf31/b3fe35f6d6e41cfe.jpg.avif','0',3799.00,'0',0,0,64),(322,' 联想笔记本电脑 小新16超薄本 高性能标压酷睿i5 16英寸轻薄本 16G 512G 高色域护眼屏 银 办公学生商务','https://img14.360buyimg.com/n7/jfs/t1/266352/16/6505/106950/6775502dFaa1fd69c/ba465b61739e1e35.jpg.avif','0',4199.00,'0',0,0,64),(323,'   ThinkPad 联想笔记本电脑 ThinkBook X 2024 英特尔酷睿Ultra5 125H 13.5英寸 16G 1T 2.8K AI高刷屏办公','https://img14.360buyimg.com/n7/jfs/t1/264979/34/7019/169339/6776aad6F2fab703b/e959eb5d2b6bd1cf.jpg.avif','0',6999.00,'0',0,0,14),(324,' 联想 YOGA Air 14 AI元启14英寸AIPC轻薄 笔记本电脑  英特尔酷睿Ultra7-155H 32G 1T 2.8KOLED屏 120Hz','https://img12.360buyimg.com/n7/jfs/t1/263225/29/6520/145582/67753948Fa98d9929/a00264d279b55af3.jpg.avif','0',8499.00,'0',0,0,64),(325,'   ThinkPad 联想 E14 笔记本电脑  AI PC 2024 14英寸商务办公学生轻薄本 全新酷睿Ultra7 155H 32G 1T 2.2K银色','https://img10.360buyimg.com/n7/jfs/t1/257577/17/7213/198523/6776aad6Fb32011ff/9fe708c0452a18c8.jpg.avif','0',6999.00,'0',0,0,14),(326,'   ThinkPad 联想笔记本电脑 ThinkBook 16+ 2024 AI全能本 英特尔酷睿Ultra9 185H 16英寸 32G 1T 3.2K 165Hz','https://img10.360buyimg.com/n7/jfs/t1/252570/39/8388/180380/6776aad5Fe6394e32/633b8cfa35ec65bc.jpg.avif','0',7999.00,'0',0,0,14),(327,'   ThinkPad E16 16英寸轻薄便携 联想笔记本电脑  英特尔酷睿i5-13500H 16G 512GB 商务办公本','https://img13.360buyimg.com/n7/jfs/t1/266281/13/6794/146124/67762203F732e712c/e39a06952aaecf37.jpg.avif','0',4999.00,'0',0,0,14),(328,'   ThinkPad 联想 AI元启ThinkBook 设计师系列16p 游戏创作本 14代酷睿i9 16英寸 32G 1T RTX4060 3.2K','https://img10.360buyimg.com/n7/jfs/t1/260943/39/6857/179162/67763f27F642a977c/caf3cf8efe5d7687.jpg.avif','0',11999.00,'0',0,0,14),(329,' 联想笔记本电脑 小新Pro16 AI元启 2024高性能锐龙7 8845H 16英寸轻薄本 32G 1T 2.5K高刷护眼屏 游戏','https://img10.360buyimg.com/n7/jfs/t1/264951/33/6459/111029/67753600F32823fd6/f030c06d2c8954da.jpg.avif','0',6199.00,'0',0,0,64),(330,'   ThinkPad T14p AI PC 酷睿Ultra9 185H标压 14.5英寸高性能工程师本 笔记本电脑  32G 1TB 3K 商务办公本','https://img11.360buyimg.com/n7/jfs/t1/255053/4/7645/190797/67761ec6Ff5523cbe/672efa10ba99effc.jpg.avif','0',9499.00,'0',0,0,14),(331,'   ThinkPad 联想 E14 笔记本电脑  AI PC 2024 14英寸商务办公学生轻薄本 全新酷睿Ultra5 125H 32G 1T 2.2K银色','https://img11.360buyimg.com/n7/jfs/t1/264706/2/6904/196960/6776aad4Fd688c23e/4a51a8877b7d396a.jpg.avif','0',5799.00,'0',0,0,14),(332,' 联想笔记本电脑 小新Pro14 2024 高性能标压酷睿Ultra5 14英寸AI轻薄本 32G 1T 2.8K高刷屏 游戏 灰','https://img14.360buyimg.com/n7/jfs/t1/257203/35/7275/114093/67766923Fde1172f3/b52459a9a81585a7.jpg.avif','0',5799.00,'0',0,0,64),(333,' 联想笔记本电脑 小新Pro14 2024 高性能标压酷睿Ultra5 14英寸AI轻薄本 32G 1T 2.8K高刷屏 游戏 灰','https://img14.360buyimg.com/n7/jfs/t1/263223/35/7321/114748/67775e28Fdcdd4912/adca65985fd19d78.jpg.avif','0',5799.00,'0',0,0,64),(334,'   ThinkPad 联想笔记本电脑 ThinkBook 16+ 2024 AI全能本 英特尔酷睿Ultra9 185H 16英寸 32G 1T 3.2K RTX4060','https://img11.360buyimg.com/n7/jfs/t1/263954/3/6969/191026/6776aad3F47ffd813/a996869d6a9cc616.jpg.avif','0',9999.00,'0',0,0,14),(335,' 联想 （Lenovo）拯救者R7000 15.6英寸电竞游戏本 笔记本电脑 (R7 8745H 16G 512G RTX4060 FHD 144Hz 100%sRGB)灰','https://img14.360buyimg.com/n7/jfs/t1/261396/4/6605/148035/6775431aF38fd294f/29102c52f4023075.jpg.avif','0',6999.00,'0',0,0,64),(336,' 联想笔记本电脑 小新15超薄本 高性能标压英特尔酷睿i7 15.3英寸轻薄本 16G 512G 高色域护眼屏 银 办公','https://img14.360buyimg.com/n7/jfs/t1/256511/38/6582/110250/67753474Fdacd94eb/5e21b562558a98f0.jpg.avif','0',4599.00,'0',0,0,64),(337,' 联想笔记本电脑 小新Pro14 2024 高性能标压锐龙7 8745H 14英寸轻薄本 24G 1T 2.8K OLED高刷屏 游戏','https://img13.360buyimg.com/n7/jfs/t1/257514/39/6606/113066/67753686F188e3e44/e60127f235311c7b.jpg.avif','0',5199.00,'0',0,0,64),(338,'   ThinkPad 联想 ThinkBook SE14英寸超薄 笔记本电脑 英特尔酷睿标压i5 16G 512G 高色域防蓝光护眼屏办公','https://img12.360buyimg.com/n7/jfs/t1/261751/26/6679/159745/677616c2Fa6703bd6/babd97d60d2c9f53.jpg.avif','0',3999.00,'0',0,0,14),(339,' 联想 【国家补贴20%】 笔记本电脑 小新Pro14 AI元启 酷睿Ultra9 14英寸轻薄本 32G 1T 2.8K OLED高刷屏','https://img14.360buyimg.com/n7/jfs/t1/258356/14/6680/110208/67753e3bFd22eef82/62766782c9db6072.jpg.avif','0',7299.00,'0',0,0,64),(340,' 联想 （Lenovo） 笔记本电脑 青春版15.6英寸英特尔酷睿i3-1215U/16G/512G/W11H/商务办公学生','https://img10.360buyimg.com/n7/jfs/t1/234403/3/38943/116388/676ba902F02f0d69a/3082e29116b63bb2.jpg.avif','0',2999.00,'0',0,0,49),(341,'   ThinkPad 联想笔记本电脑 ThinkBook 16+ 2024 AI全能本 英特尔酷睿Ultra5 125H 16英寸16G 1T 2.5K RTX4050','https://img14.360buyimg.com/n7/jfs/t1/256090/4/8316/158547/6776aad2Ff0d91c96/e1572ad037022d71.jpg.avif','0',7999.00,'0',0,0,14),(342,'   ThinkPad 联想笔记本电脑 ThinkBook 14+ 2024 AI全能本 英特尔酷睿Ultra9 185H 14.5英寸 32G 1T 3K 120Hz','https://img14.360buyimg.com/n7/jfs/t1/265610/32/7061/166164/6776aad2F9951d7d0/6e67e243c66f1bda.jpg.avif','0',7999.00,'0',0,0,14),(343,' 联想 【国家补贴20%】YOGA Pro 14 AI元启版14.5英寸轻薄 笔记本电脑  AMD锐龙 AI 9 365 32G 1T 3K触控屏','https://img11.360buyimg.com/n7/jfs/t1/256023/12/7393/118070/67753cddFd5d4505c/4bd5ce5a901759b4.jpg.avif','0',8999.00,'0',0,0,64),(344,'   ThinkPad 联想笔记本电脑 ThinkBook 14+ 2025 锐龙AI元启版 锐龙AI 9 365 32G 1T 3K 14.5英寸高刷屏','https://img11.360buyimg.com/n7/jfs/t1/259045/37/6839/157704/677615b5Fd1cc0bd6/46d68aa18a5b7a63.jpg.avif','0',7999.00,'0',0,0,14),(345,'   ThinkPad 联想笔记本电脑 ThinkBook 16+ 2025 锐龙AI元启版 锐龙AI 9 365 32G 1T 3.2K 16英寸高刷屏','https://img14.360buyimg.com/n7/jfs/t1/262631/11/6757/162805/6776167bF7cd1b272/1a2a51cb5aaa8f6b.jpg.avif','0',7999.00,'0',0,0,14),(346,' 联想 （Lenovo）拯救者Y7000P AI元启 畅玩 黑神话悟空官方推荐 游戏本 笔记本电脑 i7-14700HX 16G 1T RTX4070 2.5K','https://img10.360buyimg.com/n7/jfs/t1/265813/33/6554/154058/677544b4F3326b50e/5372a084e6d4bace.jpg.avif','0',9799.00,'0',0,0,64),(347,' 联想 （Lenovo）拯救者Y7000P AI元启 畅玩 黑神话悟空官方推荐 游戏本 笔记本电脑 i7-14700HX 16G 1T RTX4070 2.5K','https://img10.360buyimg.com/n7/jfs/t1/149772/24/48483/83660/674d739aF8197512e/c964574df63266b3.jpg.avif','0',9799.00,'0',0,0,64),(348,' 联想 （Lenovo）拯救者R9000P 16英寸电竞游戏本 笔记本电脑 (R9-7945HX 16G 1T RTX4070 2.5k 240Hz100%DCI-P3)白','https://img12.360buyimg.com/n7/jfs/t1/255413/15/7812/168655/6776501eFeae78b5e/5c598a010ce3b1fa.jpg.avif','0',10799.00,'0',0,0,64),(349,' 联想笔记本电脑 小新14 高能本 高性能标压锐龙7 8745H 14英寸轻薄本 16G 512G 高色域护眼屏 银 办公','https://img11.360buyimg.com/n7/jfs/t1/264306/38/6670/107096/677550cdF705109a8/2e21873ac7757c6e.jpg.avif','0',3999.00,'0',0,0,64),(350,' 联想 YOGA Air 14s 骁龙 AI元启 14.5英寸轻薄 笔记本电脑  骁龙X Plus 32G 1T 2.9K 广色域 触控OLED屏','https://img11.360buyimg.com/n7/jfs/t1/253683/28/6714/61214/67736c75F1b47fe99/222bc710d3f3d3c2.jpg.avif','0',7599.00,'0',0,0,64),(351,' 联想 YOGA Air 14s 骁龙 AI元启 14.5英寸轻薄 笔记本电脑  骁龙X Plus 32G 1T 2.9K 广色域 触控OLED屏','https://img11.360buyimg.com/n7/jfs/t1/263557/21/6451/130613/67753b05Fc6654e40/d8e2c1b0d6774ebe.jpg.avif','0',7599.00,'0',0,0,64),(352,' 联想笔记本电脑 全能版AMD锐龙 14英寸高性能轻薄商务办公学生本 R5-7430U 8G 512G  office','https://img13.360buyimg.com/n7/jfs/t1/261826/8/6858/318737/67764cbdF0a3f2598/e1997371e7a55856.png.avif','0',2999.00,'0',0,0,69),(353,'   ThinkPad 联想 E14 笔记本电脑  AI PC 2024 14英寸商务办公学生轻薄本 全新酷睿Ultra5 125H 32G 1T 2.2K黑色','https://img14.360buyimg.com/n7/jfs/t1/255279/30/8052/176733/67762765F32ac1060/c14b5029b7398704.jpg.avif','0',6199.00,'0',0,0,14),(354,' 联想 （Lenovo）【国家补贴20%】拯救者R7000 15.6英寸电竞游戏本 笔记本电脑 (R7 8745H 16G 512G RTX4050 144Hz)灰','https://img10.360buyimg.com/n7/jfs/t1/266638/27/5857/148177/677543d5Fde6b7578/e35c6d2eda86b904.jpg.avif','0',6699.00,'0',0,0,64),(355,' 联想笔记本电脑 小新Pro16超能本 高性能标压锐龙7-8745H 16英寸轻薄本 24G 1T 2.5K高刷护眼屏 灰 游戏','https://img10.360buyimg.com/n7/jfs/t1/263515/21/6512/107933/67753646Fe8c97f63/5b0c3335fd41746d.jpg.avif','0',5399.00,'0',0,0,64),(356,'   ThinkPad 联想笔记本电脑 ThinkBook X 2024 英特尔酷睿Ultra9 185H 13.5英寸 32G 1T 2.8K AI高刷屏办公','https://img13.360buyimg.com/n7/jfs/t1/252273/16/8207/176738/6776aad1F73023f16/2b420ddebc8e2231.jpg.avif','0',8599.00,'0',0,0,14),(357,' 联想 【国家补贴20%】 笔记本电脑 小新Pro16 AI元启 酷睿Ultra9 16英寸轻薄本 32G 1T 2.5K高刷护眼屏','https://img13.360buyimg.com/n7/jfs/t1/255121/24/7434/108182/67753e8bFd940c5f6/b94760c3e18624cb.jpg.avif','0',7499.00,'0',0,0,64),(358,'   ThinkPadE16 16英寸轻薄大屏 联想笔记本电脑  R5 16G 512G 黑 商务大屏 AI生态','https://img10.360buyimg.com/n7/jfs/t1/258841/37/7169/170898/6776b269Ff886ae62/91da31561bae9200.jpg.avif','0',3999.00,'0',0,0,14),(359,'   ThinkPad E14 14英寸轻薄便携 联想笔记本电脑  R5 16G 512G 黑 高效办公 AI生态','https://img14.360buyimg.com/n7/jfs/t1/253394/32/8175/174767/6776b268F3193ebb9/907e2c15ada9bc12.jpg.avif','0',3899.00,'0',0,0,14),(360,'   ThinkPad T14 联想 14英寸轻薄工程师 笔记本  R7 PRO 8840U 32G 1TB IPS高色域屏 商务办公本 AI生态','https://img12.360buyimg.com/n7/jfs/t1/260837/28/7137/185926/6776b268F02725cf1/97037f852e463d7e.jpg.avif','0',7799.00,'0',0,0,14),(361,' 联想 YOGA Air 15 Aura AI元启版 15.3英寸轻薄 笔记本电脑  全新二代酷睿Ultra7 258V 32G 1T 2.8K触控屏','https://img10.360buyimg.com/n7/jfs/t1/258647/8/6549/134039/67753c5fF378ee531/63af9ab170ac6f09.jpg.avif','0',9999.00,'0',0,0,64),(362,' 联想 （Lenovo） 联想 GeekPro G5000 电竞游戏本 笔记本电脑  i7-13650HX 16G 512G RTX4060','https://img14.360buyimg.com/n7/jfs/t1/20868/12/22790/67035/66ea4a80F38c16a0e/250fc2bcefa1de6d.jpg.avif','0',6999.00,'0',0,0,64),(363,' 联想 （Lenovo）拯救者R9000P 16英寸电竞游戏本 笔记本电脑 (R9-7945HX 16G 1T RTX4070 2.5K 240Hz100%DCI-P3)灰','https://img12.360buyimg.com/n7/jfs/t1/254513/26/7788/170763/677545d2F1d2f7b29/f17f75c02c514683.jpg.avif','0',10499.00,'0',0,0,64),(364,' 联想 （Lenovo）拯救者R9000P 16英寸电竞游戏本 笔记本电脑 (R9-7945HX 16G 1T RTX4070 2.5K 240Hz100%DCI-P3)灰','https://img12.360buyimg.com/n7/jfs/t1/187989/33/54168/89828/67500d24F3584e6f4/5ecbdab42d3d8fa2.jpg.avif','0',10499.00,'0',0,0,64),(365,' 联想 YOGA Air 14s 骁龙 AI元启 14.5英寸轻薄 笔记本电脑  骁龙X Plus 32G 1T 2.9K 广色域 触控OLED屏','https://img13.360buyimg.com/n7/jfs/t1/259797/39/6534/131487/67753a82F634d93bd/94e62e7403d15c3a.jpg.avif','0',7599.00,'0',0,0,64),(366,' 联想笔记本电脑 昭阳24年新款AI全能本锐龙14英寸轻薄办公学生本 R7-8845H 32G 1T 2.8K小天智能 Office','https://img10.360buyimg.com/n7/jfs/t1/253768/21/8118/342676/67764bedF1bd6c036/15322cd1494ac3ae.png.avif','0',5699.00,'0',0,0,69),(367,'   ThinkPad 联想 ThinkPad E14酷睿版 14英寸i5/i7轻薄便携高性能商务办公学生网课 笔记本电脑  i7-1255U MX550独显 黑色 FHD屏 16G内存 512G固态 定制','https://img11.360buyimg.com/n7/jfs/t1/245389/14/5900/93195/661c91b8F42c42457/dbb803916113780f.jpg.avif','0',5299.00,'0',0,0,12),(368,'   ThinkPad T14P可选neo14 全新高性能 电脑笔记本 14英寸 联想 ibm游戏商务办公设计工程全能轻薄本可选AI独显PC i5-12500H 16GB 2.2K屏 标配  512G高速固态 Wi','https://img12.360buyimg.com/n7/jfs/t1/266995/20/2458/137410/676a6a30F2750b095/af3816629b2f18ce.jpg.avif','0',4098.00,'0',0,0,17),(369,' 联想 ThinkPad 二手 笔记本电脑 轻薄 i5商务办公PS平面设计CAD制图视频剪辑游戏本 9新 双核4G内存128G固态-随机发【办公制表】','https://img12.360buyimg.com/n7/jfs/t1/149029/24/35153/101618/66fb58feFe3f3bac2/0f1387adb5aebe42.jpg.avif','0',398.00,'0',0,0,110),(370,' 联想 IdeaPad15s锐龙版全能本 15.6英寸大屏学生网课商务办公轻薄 笔记本电脑  R5-7430U 16G内存 512G固态丨标配版 全高清防眩光屏','https://img10.360buyimg.com/n7/jfs/t1/242668/11/25266/336993/675fcdc8F80fc25e6/fca33659e8e072f4.png.avif','0',2957.00,'0',0,0,82),(371,'   ThinkPad 联想 ThinkBook16+轻薄 笔记本电脑  英特尔Evo酷睿标压处理器 16英寸大屏商务学生 笔记本电脑  i5-13500H 16G 1T 0LCD','https://img13.360buyimg.com/n7/jfs/t1/259783/13/6871/139984/677645c6F1c98b7bc/3b339515ed99fff9.jpg.avif','0',4999.00,'0',0,0,5),(372,' 联想 拯救者R7000 2024 电竞屏游戏本高性能RTX4060独显P图设计游戏 笔记本电脑 锐龙 R7-7840H 16G 512G丨4060丨标配 144Hz高色域高刷屏','https://img11.360buyimg.com/n7/jfs/t1/256654/9/7873/610723/67763bbdF1718f6ea/5024fe971380b575.png.avif','0',6162.00,'0',0,0,82),(373,' 联想笔记本电脑 V15 全新英特尔窄边框学生网课轻薄本 15.6英寸家用商务办公手提 电脑  N4500 8G内存 256G高速固态丨标配 满血高性能显卡 全高清防眩光屏  ','https://img14.360buyimg.com/n7/jfs/t1/257107/23/2808/132384/676a9242F5885d11c/1bd54430a687f241.jpg.avif','0',2097.00,'0',0,0,61),(374,' 联想笔记本电脑 V15 全新英特尔窄边框学生网课轻薄本 15.6英寸家用商务办公手提 电脑  N4500 8G内存 512G高速固态丨升级 满血高性能显卡 全高清防眩光屏  ','https://img10.360buyimg.com/n7/jfs/t1/256162/39/3684/129505/676a82f5F21502c55/9a6f6e1d2bdcc565.jpg.avif','0',2285.00,'0',0,0,61),(375,'   ThinkPad 联想 ThinkBook X/13x 13.3英寸2024轻薄本高性能 笔记本电脑 商务办学生公游戏女生手提可选14 高性能）i5-13500H 高色域 人脸识别 爆）定制 16G 1T固态','https://img10.360buyimg.com/n7/jfs/t1/268819/15/130/185952/67637661Fb07ea99e/fe1b254d572697e6.jpg.avif','0',4898.00,'0',0,0,8),(376,'   ThinkPad 联想 E16 笔记本电脑  E15升级版 16英寸商务办公学生轻薄本 AI 2024英特尔酷睿Ultra处理器可选 黑色 i7-13700H 16G 1TB 03CD','https://img11.360buyimg.com/n7/jfs/t1/262690/1/6643/131420/677550e1Fa2a873b3/fc67476d3d518d1d.jpg.avif','0',6699.00,'0',0,0,13),(377,' 联想 G5000 2024游戏本 笔记本电脑 15.6英寸拯救者Y7000P同性能 酷睿i7电竞本4060可选144Hz高色域 i7-13650HX 16G 1TB 4060定制','https://img13.360buyimg.com/n7/jfs/t1/262140/33/3506/554702/676d0a1dF73c6edbf/48b1825278a24174.png.avif','0',6258.00,'0',0,0,75),(378,' 联想 V14/15 笔记本电脑  娱乐商务办公本轻薄便携本高性能 全新13代酷睿标压处理器IPS屏 15.6英寸 i5-13420H 16G 512G','https://img10.360buyimg.com/n7/jfs/t1/254930/1/3102/104459/67693121F2573a512/0f398d10e9f0c36b.jpg.avif','0',3999.00,'0',0,0,70),(379,' 联想 （lenovo）小新等系列二手 笔记本  14/15.6寸商务办公 视频剪辑 设计制图轻薄 笔记本电脑  【店长热荐】酷睿2双核-16G+620G混合盘核显 9成新','https://img13.360buyimg.com/n7/jfs/t1/68590/39/28114/114063/66d72766Feea4a624/5c5bcc5969b9741d.jpg.avif','0',699.00,'0',0,0,103),(380,' 联想 （lenovo）小新等系列二手 笔记本  14/15.6寸商务办公 视频剪辑 设计制图轻薄 笔记本电脑  酷睿i3二代-4G+320G-核显2G 9成新','https://img11.360buyimg.com/n7/jfs/t1/68590/39/28114/114063/66d72766Feea4a624/5c5bcc5969b9741d.jpg.avif','0',458.00,'0',0,0,103),(381,' 联想  拯救者Y9000P 2024/23款英特尔酷睿i7 16英寸电竞旗舰游戏本学生商务办公ES11B 笔记本电脑  AI元启 i9-14900HX | RTX4060 |钛晶灰 64G 1TB 高速存储','https://img13.360buyimg.com/n7/jfs/t1/234208/30/34909/559276/6760f7ebFf9aafdc4/0f5eb03164d006d5.png.avif','0',11399.00,'0',0,0,44),(382,' 联想 拯救者Y7000P 2024新品 16英寸2.5K高刷电竞学生游戏本 笔记本电脑  i7-14700HX RTX4070独显8G 升级 32G内存+1TB固态硬盘 16英寸电竞屏｜2.5K｜165Hz','https://img14.360buyimg.com/n7/jfs/t1/255332/15/7134/143805/6775e9dbFd2a99232/896f0d0de48d38a6.jpg.avif','0',8627.00,'0',0,0,104),(383,' 联想 拯救者2024 Y9000P 16英寸AI高端电竞屏游戏设计满血功耗游戏独显 笔记本电脑 黑神话悟空官方推荐 【24期莬息】标配14代i9/32/1T/4060 高刷新率  2.5K电竞 ','https://img11.360buyimg.com/n7/jfs/t1/232937/25/18048/58891/666d05f9F85a3bd8d/fbef4772cb894926.jpg.avif','0',13099.00,'0',0,0,78),(384,' 联想 （Lenovo）二手 笔记本电脑 轻薄便携13/14/15.6英寸商务办公i5娱乐网课学习游戏设计 联想 戴尔hp14寸双核4G120G固态办公上网 联想 lenovo 9成新','https://img10.360buyimg.com/n7/jfs/t1/180903/20/48062/108479/66df063eF08bdb5f1/1aa15098957d87dc.jpg.avif','0',418.00,'0',0,0,37),(385,' 联想笔记本电脑  小新pro14英寸2024款AI强芯轻薄超能本英寸锐龙版R7学生办公设计游戏可选v14 联想 V14 R7-7730 16G512G标配 高刷超清屏丨全国联保丨背光键盘 ','https://img14.360buyimg.com/n7/jfs/t1/262909/30/7145/151418/67774d4eF002e5fb4/5f81bb7d27d4ed86.jpg.avif','0',3599.00,'0',0,0,51),(386,' 联想笔记本电脑  小新Pro14英寸可选新款升级X系列高性能轻薄便携手提本 办公游戏学生手提 联想笔记本  I7-13620H 16G内存 1TB固态超速3 IPS全高清屏 游戏性 ','https://img12.360buyimg.com/n7/jfs/t1/221509/27/50056/146006/6746ae73F392c38d4/9068bb4d030e3783.jpg.avif','0',4465.00,'0',0,0,6),(387,' 联想  Lenovo 二手 笔记本电脑  ThinkPad 13/14/15寸 商务办公本 独显 16G 95新【特价款】i5-8G-256G固态','https://img13.360buyimg.com/n7/jfs/t1/249110/18/11007/114406/6662e189F2cf3c38a/1f6d2d1457e35dae.jpg.avif','0',594.00,'0',0,0,93),(388,' 联想 （Lenovo）YOGA Air 14c AI元启 14英寸轻薄360°翻转 笔记本电脑  触控OLED 120Hz Ultra7-155H 32G 1T 2.8k含笔','https://img13.360buyimg.com/n7/jfs/t1/252372/7/3208/126417/676929eeF55b699cb/43822cb816457def.png.avif','0',9069.00,'0',0,0,63),(389,' 联想 （Lenovo）YOGA Air 14c AI元启 14英寸轻薄360°翻转 笔记本电脑  触控OLED 120Hz Ultra7-155H 32G 1T 2.8k含笔','https://img13.360buyimg.com/n7/jfs/t1/252372/7/3208/126417/676929eeF55b699cb/43822cb816457def.png.avif','0',9069.00,'0',0,0,63),(390,' 联想 （Lenovo）YOGA Air 14c AI元启 14英寸轻薄360°翻转 笔记本电脑  触控OLED 120Hz Ultra7-155H 32G 1T 2.8k含笔','https://img13.360buyimg.com/n7/jfs/t1/252372/7/3208/126417/676929eeF55b699cb/43822cb816457def.png.avif','0',9069.00,'0',0,0,63),(391,' 联想 拯救者Y7000 2024畅玩黑神话悟空电竞游戏 笔记本电脑 男学生设计p图满血RTX4060独显8G旗舰14核酷睿 i7-13650HX 32G 1TB 4060升级','https://img12.360buyimg.com/n7/jfs/t1/235678/19/35744/185067/67726489Ff75d52bf/724dd3e247faef87.jpg.avif','0',6712.00,'0',0,0,31),(392,' 联想 昭阳CF4720J 国产信创办公 笔记本 14英寸 昭阳CF4720J 笔记本  8G+512G/2G独显/含试用版操作系统','https://img13.360buyimg.com/n7/jfs/t1/228366/23/28229/103962/673c30e4F8d5cd2cc/b25f75f353203394.jpg.avif','0',5999.00,'0',0,0,38),(393,' 联想 拯救者R9000P  16英寸电竞游戏本 笔记本电脑  R9-7945HX 16G 1T RTX4060 100%DCI-P3 碳晶灰','https://img14.360buyimg.com/n7/jfs/t1/259088/14/4104/146565/676e728dF5ffe90d6/910fefb4e46fd7ed.png.avif','0',9346.00,'0',0,0,63),(394,' 联想 拯救者R9000P 2024新 DCI-P3广色域 锐龙R9 超能电竞游戏 笔记本电脑 y 高性能满血RTX4060独显8G R9-7945HX RTX4060 240Hz白色 定制32GB内存+1T','https://img10.360buyimg.com/n7/jfs/t1/116523/38/51064/182739/67160a23F9a6a5357/6cf1c1dd7895d714.jpg.avif','0',8507.00,'0',0,0,33),(395,'   ThinkPad 联想 ThinkBook 14+ 2024可选14全新酷睿版AI高性能轻薄本学生游戏商务办公设计 笔记本电脑 政府补贴 14+ Ultra5 2.5K 90Hz 16G 512G疾速固态 定','https://img14.360buyimg.com/n7/jfs/t1/225621/38/21817/125771/67613bc5F7d95fdd8/31040aba5d9dcf38.jpg.avif','0',4858.00,'0',0,0,20),(396,' 联想 拯救者Y7000 2024畅玩黑神话悟空电竞游戏本 学生P图设计r不到9000 RTX4060 笔记本电脑  i7-13650HX 24G 1TB 4060升级','https://img13.360buyimg.com/n7/jfs/t1/265395/20/3837/591481/676e179aFb40980a8/9d6949a6073db38f.png.avif','0',6245.00,'0',0,0,57),(397,'   ThinkPad 联想 ThinkBook 16+  pro版可选酷睿标压Ultra高性能全能本轻薄商务办公大学生游戏 笔记本电脑  i7-13700H 32G 1T固态|升级 游戏级满血显卡 超高清护眼屏','https://img12.360buyimg.com/n7/jfs/t1/152033/12/49511/1189020/6757a5a7F7a3c6ce7/6ee89bd541581412.png.avif','0',5742.00,'0',0,0,19),(398,' 联想 拯救者Y7000P 2024酷睿i7 畅玩黑神话悟空电竞游戏本 y不到9000新品G5000 RTX4060可选 笔记本电脑  16G 1T 4050 性能升级版 G5000 IPS高色域 | 专业电','https://img10.360buyimg.com/n7/jfs/t1/254017/40/7075/581410/6773627fF57844559/e8a9ca5dc203f830.png.avif','0',5800.00,'0',0,0,57),(399,' 联想 （Lenovo）小新Air14 酷睿i5轻薄本 可选小新14/16 英寸大屏高性能女大学生办公娱乐游戏 笔记本电脑  酷睿i5 16G内存 512G固态丨性能版 win11系统+预装office','https://img10.360buyimg.com/n7/jfs/t1/266332/6/3931/480894/676e3dbeFc7d411e9/acc478de317fa4e3.png.avif','0',3727.00,'0',0,0,87),(400,'   ThinkPad 联想 ThinkBook16+2024可选16酷睿版高性能16英寸全能轻薄本商务办公学生设计师 笔记本电脑 政府补贴 16 i5-13500H FHD高清 人脸&amp;背光 高频DDR5 16G ','https://img13.360buyimg.com/n7/jfs/t1/231694/6/30573/122450/675cf442F244d65ea/a54122d30341cee8.png.avif','0',4545.00,'0',0,0,20),(401,' 联想 2024新款ThinkPad 联想笔记本电脑 T490 T480 E14超薄游戏本i7 套餐0 i5 8G 128G 12.5英寸','https://img10.360buyimg.com/n7/jfs/t1/97446/16/46586/79249/66de8f44Fc89c8686/262959a3adf84525.jpg.avif','0',698.00,'0',0,0,96),(402,' 联想 2024新款ThinkPad 联想笔记本电脑 T490 T480 E14超薄游戏本i7 套餐1 i5 16G 256G 14英寸独立2G','https://img11.360buyimg.com/n7/jfs/t1/97446/16/46586/79249/66de8f44Fc89c8686/262959a3adf84525.jpg.avif','0',998.00,'0',0,0,96),(403,' 联想 2024新款ThinkPad 联想笔记本电脑 T490 T480 E14超薄游戏本i7 套餐2 i7 16G 512G 14英寸独立2G','https://img12.360buyimg.com/n7/jfs/t1/97446/16/46586/79249/66de8f44Fc89c8686/262959a3adf84525.jpg.avif','0',1480.00,'0',0,0,96),(404,' 联想 2024新款ThinkPad 联想笔记本电脑 T490 T480 E14超薄游戏本i7 套餐4 i7 32G 1T 15.6英寸独立2G','https://img14.360buyimg.com/n7/jfs/t1/97446/16/46586/79249/66de8f44Fc89c8686/262959a3adf84525.jpg.avif','0',2080.00,'0',0,0,96),(405,' 联想 2024新款ThinkPad 联想笔记本电脑 T490 T480 E14超薄游戏本i7 套餐9 i5 16G 512G 14英寸','https://img14.360buyimg.com/n7/jfs/t1/97446/16/46586/79249/66de8f44Fc89c8686/262959a3adf84525.jpg.avif','0',1299.00,'0',0,0,96),(406,' 联想 2024新款ThinkPad 联想笔记本电脑 T490 T480 E14超薄游戏本i7 套餐10 i5 16G 512G 14英寸','https://img10.360buyimg.com/n7/jfs/t1/97446/16/46586/79249/66de8f44Fc89c8686/262959a3adf84525.jpg.avif','0',1399.00,'0',0,0,96),(407,' 联想 2024新款ThinkPad 联想笔记本电脑 T490 T480 E14超薄游戏本i7 套餐11 i5 32G 1T 14英寸独立2G','https://img11.360buyimg.com/n7/jfs/t1/97446/16/46586/79249/66de8f44Fc89c8686/262959a3adf84525.jpg.avif','0',1980.00,'0',0,0,96),(408,' 联想 Lenovo 联想笔记本电脑 轻薄商务家用学生办公学习手提电竞i7游戏本 套餐0 i7  8G  256G  12.5英寸','https://img10.360buyimg.com/n7/jfs/t1/224885/26/24139/121951/66e3ea06Fdd3570aa/047469a7448e61f9.jpg.avif','0',738.00,'0',0,0,96),(409,' 联想 Lenovo 联想笔记本电脑 轻薄商务家用学生办公学习手提电竞i7游戏本 套餐1 i7 16G 256G 14.1英寸','https://img11.360buyimg.com/n7/jfs/t1/224885/26/24139/121951/66e3ea06Fdd3570aa/047469a7448e61f9.jpg.avif','0',1080.00,'0',0,0,96),(410,' 联想 Lenovo 联想笔记本电脑 拯救者游戏本轻薄商务家用大学生办公手提i7 联想 1 i3 8G 128G 14英寸独立2G','https://img12.360buyimg.com/n7/jfs/t1/249540/17/26943/101359/674ef9c3F56580c45/7c04e37a0da39862.jpg.avif','0',699.00,'0',0,0,96),(411,' 联想联想 拯救者Y7000P R9000P游戏本4080 笔记本电脑 GTX4090 4060显卡 联想 套餐1 i7 32G 512G 15.6英寸','https://img14.360buyimg.com/n7/jfs/t1/176951/10/50343/56513/674eb950F59825c08/c00309ca3efc76ca.jpg.avif','0',1480.00,'0',0,0,96),(412,' 联想联想 小新 笔记本电脑 2024新款14英寸轻薄本i7游戏设计编程ThinkPad 14Pro-i7-16G 512G14英寸独显2G','https://img10.360buyimg.com/n7/jfs/t1/226429/16/25969/68970/66ee26caF8ed3013a/a8e0606c04618dea.jpg.avif','0',1680.00,'0',0,0,96),(413,' 联想 Lenovo 联想笔记本电脑 拯救者游戏本轻薄商务家用大学生办公手提i7 联想 1-i3-8G-128G独立2G14英寸 标准套餐','https://img10.360buyimg.com/n7/jfs/t1/93339/17/51014/51380/670651fcFb3eb542c/77627ba6d02818af.jpg.avif','0',699.00,'0',0,0,91),(414,' 联想 小新Pro16 笔记本电脑 可选 2024酷睿Ultra9 AI超能本2.5K超清护眼屏 大学生办公游戏剪辑设计轻薄本 i5-13420H 16G 512G固态 V15标 精装升级 独显级显卡 IPS','https://img14.360buyimg.com/n7/jfs/t1/241821/35/23945/2814878/6747e992F41938104/895e2cc5815eb82f.png.avif','0',3490.00,'0',0,0,19),(415,'   ThinkPad 联想 ThinkBook14 2024锐龙版 学生商务轻薄 笔记本电脑  14英寸 R7 8745H 16G 1T 04CD','https://img13.360buyimg.com/n7/jfs/t1/266160/29/6925/141054/67764582F41c45e67/b82d7a3fffa62e3b.jpg.avif','0',4899.00,'0',0,0,5),(416,'   ThinkPadE16E15 联想笔记本电脑  2024酷睿i5 X15.6英寸IBM可选独显性能办公设计师视频剪辑建筑工程师编程本 i5-1340P 16G 512 2.5K E16 可选【微边框/MX','https://img12.360buyimg.com/n7/jfs/t1/257360/13/7388/204993/67774deaF88d93e60/0be7c4112195d753.jpg.avif','0',4899.00,'0',0,0,51),(417,' 联想 ThinkBook 14+ 2024 AI轻薄全能本 英特尔酷睿Ultra标压处理器 14.5英寸商务办公 笔记本电脑  Ultra5-125H处理器 32G 1T RTX4060 | 0ECD','https://img12.360buyimg.com/n7/jfs/t1/150047/28/45423/62527/672c47cdF8a47e511/78281b47026847f9.jpg.avif','0',8999.00,'0',0,0,43),(418,'   Lenovo/ 联想 ThinkPad E420二手 笔记本电脑 i5独显游戏办公8成新 i3+4g+320g机械','https://img10.360buyimg.com/n7/jfs/t1/234405/25/30047/247388/673c4878Fdef059ad/a0d8962570625e0d.jpg.avif','0',299.00,'0',0,0,47),(419,' 联想笔记本电脑 小新pro14 全新2024高性能酷睿版可选 大学生商务办公游戏设计轻薄升级v 联想笔记本电脑  R5-7430U 16G内存 512G固态升级 IPS高清护眼屏 正版 ','https://img12.360buyimg.com/n7/jfs/t1/241625/11/25249/158288/674fb718Fe2065a95/6be85456f16ccd60.jpg.avif','0',2957.00,'0',0,0,81),(420,'   ThinkPad 联想 ThinkBook14+ 笔记本电脑 14英寸英特尔酷睿I5/I7标压轻薄本学生商务办公手提本游戏本 14丨I5-13500H 16G 1T 2.2K屏 100%sRGB高色域','https://img13.360buyimg.com/n7/jfs/t1/263808/38/268/111038/6763d11eFe26966ce/f9552a761470b22c.jpg.avif','0',4199.00,'0',0,0,18),(421,'   ThinkPadThinkBook 16P 16英寸Pro14代i9高性能游戏本3D建模制图渲染设计师移动工作站 笔记本电脑  i9-14900HX 64G 4T固态 升配','https://img10.360buyimg.com/n7/jfs/t1/194655/18/53369/163879/6756ec00Fa8c69702/6d6ea0cf795dfc13.jpg.avif','0',13818.00,'0',0,0,104),(422,' 联想笔记本电脑 小新/V14/V15 英特尔酷睿可选高性能Pro16升级+办公学生设计剪辑游戏轻薄全能本可选 小新16 I5-13420H 16G 512 标配 锐炬显卡 IPS全高清屏 可选WiFi6','https://img10.360buyimg.com/n7/jfs/t1/235905/31/28781/87912/67591eccF297a49e9/81501d7b8c541169.jpg.avif','0',4099.00,'0',0,0,15),(423,' 联想 （Lenovo）【24期分期 免息 笔记本 】小新16酷睿12代i5全面屏金属商务办公游戏轻薄 笔记本 Pro级 电脑  标配i5-12450H/16G/512G 锐炬显卡','https://img11.360buyimg.com/n7/jfs/t1/246740/24/16208/424049/66a85983F6cf46178/07eb210178a846c0.png.avif','0',4399.00,'0',0,0,78),(424,' 联想 小新16 2023酷睿i5轻薄超能本 小新Pro16级16英寸大屏学生办公游戏 笔记本电脑  16G内存 1TB固态丨性能升级 卷云灰 四面窄边框','https://img14.360buyimg.com/n7/jfs/t1/262547/40/6378/520627/67750b76F30fd35ed/50e4ef8673222d07.png.avif','0',4357.00,'0',0,0,87),(430,'111','http://localhost:9090/files/1736093768975-banner005.jpg','<p>111</p>',111.00,NULL,0,NULL,113),(431,'666','http://localhost:9090/files/1736153285667-banner005.jpg','<p>666</p>',777.00,NULL,0,NULL,2);

/*Table structure for table `notice` */

DROP TABLE IF EXISTS `notice`;

CREATE TABLE `notice` (
  `id` int(11) NOT NULL AUTO_INCREMENT COMMENT 'ID',
  `title` varchar(255) COLLATE utf8mb4_unicode_ci DEFAULT NULL COMMENT '标题',
  `content` varchar(255) COLLATE utf8mb4_unicode_ci DEFAULT NULL COMMENT '内容',
  `time` varchar(255) COLLATE utf8mb4_unicode_ci DEFAULT NULL COMMENT '创建时间',
  `user` varchar(255) COLLATE utf8mb4_unicode_ci DEFAULT NULL COMMENT '创建人',
  PRIMARY KEY (`id`) USING BTREE
) ENGINE=InnoDB AUTO_INCREMENT=5 DEFAULT CHARSET=utf8mb4 COLLATE=utf8mb4_unicode_ci ROW_FORMAT=DYNAMIC COMMENT='公告信息表';

/*Data for the table `notice` */

insert  into `notice`(`id`,`title`,`content`,`time`,`user`) values (4,'欢迎来到后台管理系统','helloworld\n','2025-01-03','admin');

/*Table structure for table `orders` */

DROP TABLE IF EXISTS `orders`;

CREATE TABLE `orders` (
  `id` int(11) NOT NULL AUTO_INCREMENT COMMENT 'ID',
  `order_id` varchar(255) COLLATE utf8mb4_unicode_ci DEFAULT NULL COMMENT '订单ID',
  `goods_id` int(11) DEFAULT NULL,
  `business_id` int(11) DEFAULT NULL COMMENT '商家ID',
  `num` int(11) DEFAULT NULL COMMENT '商品数量',
  `user_id` int(11) DEFAULT NULL COMMENT '用户ID',
  `price` double(10,2) DEFAULT NULL COMMENT '订单价格',
  `address_id` int(11) DEFAULT NULL COMMENT '地址ID',
  `status` varchar(255) COLLATE utf8mb4_unicode_ci DEFAULT NULL COMMENT '订单状态',
  PRIMARY KEY (`id`) USING BTREE
) ENGINE=InnoDB AUTO_INCREMENT=12 DEFAULT CHARSET=utf8mb4 COLLATE=utf8mb4_unicode_ci ROW_FORMAT=DYNAMIC COMMENT='订单信息表';

/*Data for the table `orders` */

insert  into `orders`(`id`,`order_id`,`goods_id`,`business_id`,`num`,`user_id`,`price`,`address_id`,`status`) values (2,'20250103153145',259,30,1,6,1799.00,2,'待发货'),(3,'20250103153605',1,2,1,6,2897.99,2,'已评价'),(4,'20250103221912',1,2,1,8,2897.99,3,'已评价'),(5,'20250104002608',1,2,1,8,2897.99,3,'待收货'),(6,'20250104102258',258,41,1,6,2399.00,2,'待发货'),(7,'20250104111446',1,2,1,11,2897.99,5,'已评价'),(8,'20250104112626',1,2,1,12,2897.99,6,'已评价'),(9,'20250104113118',259,30,1,12,1799.00,6,'待发货'),(10,'20250106153602',258,41,1,13,2399.00,7,'待发货'),(11,'20250106164730',1,2,1,14,2897.99,8,'已评价');

/*Table structure for table `type` */

DROP TABLE IF EXISTS `type`;

CREATE TABLE `type` (
  `id` int(11) NOT NULL AUTO_INCREMENT COMMENT 'ID',
  `name` varchar(255) COLLATE utf8mb4_unicode_ci DEFAULT NULL COMMENT '分类名称',
  `description` varchar(255) COLLATE utf8mb4_unicode_ci DEFAULT NULL COMMENT '分类描述',
  `img` varchar(255) COLLATE utf8mb4_unicode_ci DEFAULT NULL COMMENT '分类图标',
  PRIMARY KEY (`id`) USING BTREE
) ENGINE=InnoDB DEFAULT CHARSET=utf8mb4 COLLATE=utf8mb4_unicode_ci ROW_FORMAT=DYNAMIC COMMENT='商品分类表';

/*Data for the table `type` */

/*Table structure for table `user` */

DROP TABLE IF EXISTS `user`;

CREATE TABLE `user` (
  `id` int(11) NOT NULL AUTO_INCREMENT COMMENT 'ID',
  `username` varchar(255) COLLATE utf8mb4_unicode_ci DEFAULT NULL COMMENT '用户名',
  `password` varchar(255) COLLATE utf8mb4_unicode_ci DEFAULT NULL COMMENT '密码',
  `name` varchar(255) COLLATE utf8mb4_unicode_ci DEFAULT NULL COMMENT '用户昵称',
  `avatar` varchar(255) COLLATE utf8mb4_unicode_ci DEFAULT NULL COMMENT '头像',
  `role` varchar(255) COLLATE utf8mb4_unicode_ci DEFAULT NULL COMMENT '角色标识',
  `phone` varchar(255) COLLATE utf8mb4_unicode_ci DEFAULT NULL COMMENT '电话',
  `email` varchar(255) COLLATE utf8mb4_unicode_ci DEFAULT NULL COMMENT '邮箱',
  PRIMARY KEY (`id`) USING BTREE
) ENGINE=InnoDB AUTO_INCREMENT=15 DEFAULT CHARSET=utf8mb4 COLLATE=utf8mb4_unicode_ci ROW_FORMAT=DYNAMIC COMMENT='用户信息表';

/*Data for the table `user` */

insert  into `user`(`id`,`username`,`password`,`name`,`avatar`,`role`,`phone`,`email`) values (6,'张小米','123','张小米','http://localhost:9090/files/1735885637093-lb0vvytg.png','USER','13616407228','3182879415@qq.com'),(8,'张西米','123','张西米','http://localhost:9090/files/1735916149805-lb0vvytg.png','USER',NULL,NULL),(10,'张二米','123','张二米',NULL,'USER',NULL,NULL),(11,'张三米','123','张三米','http://localhost:9090/files/1735960509270-d305601054e97528f76aa885d4190b05.jpeg','USER',NULL,NULL),(12,'张大米','123','张大米','http://localhost:9090/files/1735961099437-d305601054e97528f76aa885d4190b05.jpeg','USER',NULL,NULL),(13,'用户0','123','用户0',NULL,'USER',NULL,NULL),(14,'用户3','123','用户3','http://localhost:9090/files/1736153345355-1.jpg','USER',NULL,NULL);

/*!40101 SET SQL_MODE=@OLD_SQL_MODE */;
/*!40014 SET FOREIGN_KEY_CHECKS=@OLD_FOREIGN_KEY_CHECKS */;
/*!40014 SET UNIQUE_CHECKS=@OLD_UNIQUE_CHECKS */;
/*!40111 SET SQL_NOTES=@OLD_SQL_NOTES */;
